Date,Open,High,Low,Close,Volume,MA7,MA30,Daily_Return,Volatility_Amplitude,Dist_MA7,Dist_MA30,Volume_MA7,Volume_Momentum,Next_Day_Close,Target
2023-10-21,29909.8,30248.0,29640.0,29992.46,22852.54563,29071.67142857143,27583.591666666667,0.0027636426856749246,0.020327785541862535,0.03167305236270746,0.08732975612615103,42096.83018142857,-0.4571433162185778,33069.99,1
2023-10-22,29992.46,34741.91,29883.6,33069.99,93513.64246,29724.415714285715,27800.059333333335,0.10261012267749958,0.16198437874052363,0.11255307145049724,0.189565446730821,44256.03275428571,1.113014579937562,33922.73,1
2023-10-23,33069.99,35280.0,32832.34,33922.73,115265.02418,30513.96142857143,28055.871,0.02578591647593499,0.07401453704703279,0.11171176772337424,0.2091134151564927,55232.686877142856,1.0868987314774385,34496.05,1
2023-10-24,33922.73,35132.85,33679.05,34496.05,54887.02529,31396.254285714287,28328.912333333334,0.016900762409157506,0.042856220593094824,0.09873138642835379,0.2176976508699235,58479.051074285715,-0.061424146224992274,34151.66,0
2023-10-25,34496.05,34824.13,33751.0,34151.66,39744.66255,32173.104285714286,28593.245333333336,-0.00998346187462041,0.0311087791210877,0.06149719643821405,0.19439607508234813,59028.931182857144,-0.3266918144446697,33892.02,0
2023-10-26,34151.66,34245.0,33390.95,33892.02,32330.40106,32776.387142857144,28843.879666666664,-0.0076025587043208635,0.02500756917818937,0.03403770074719719,0.17501599617222088,55158.688591428574,-0.413865668571678,34081.0,1
2023-10-27,33892.01,34493.33,33860.0,34081.0,16880.13144,33372.27285714286,29079.2,0.005576240535748631,0.018686705214591925,0.021237005519252408,0.17200610745825193,53639.061801428565,-0.6853015158525678,34525.89,1
2023-10-28,34081.01,34750.11,33930.0,34525.89,20685.52176,34019.90571428571,29333.16433333333,0.013053603751766668,0.024063547412474,0.01487318307004633,0.17702575854613173,53329.48696285714,-0.6121184932004498,34474.73,0
2023-10-29,34525.88,34856.0,34062.84,34474.73,33657.95976,34220.58285714286,29583.57,-0.0014814973579238004,0.022972911914193168,0.007426733317725993,0.16533366324618712,44778.67514857143,-0.24834846836521943,34639.77,1
2023-10-30,34474.74,34720.49,34025.0,34639.77,32737.89822,34323.01714285714,29805.14333333333,0.004786983165065171,0.020173901238994058,0.009228584300281251,0.1622077979158631,32989.085725714285,-0.0076142609044327295,35421.43,1
2023-10-31,34639.78,35582.0,34097.39,35421.43,53473.28165,34455.21428571428,30069.374,0.02256509712244135,0.04285852854723675,0.0280426557871192,0.17799027010006926,32787.12234857143,0.6309232960888344,34941.59,0
2023-11-01,35421.43,35984.99,34300.0,34941.59,48015.57732,34568.061428571425,30319.878333333334,-0.01354660159118375,0.047569790378310474,0.010805597884058367,0.15243173524168152,33968.681601428565,0.4135249016547255,34716.78,0
2023-11-02,34941.58,34946.5,34120.0,34716.78,39071.20644,34685.88428571428,30551.152000000002,-0.006433595733221076,0.023653767230903695,0.0008907287480758473,0.1363492938007705,34931.65379857143,0.11850434180124224,35062.07,1
2023-11-03,34716.78,35255.0,34585.18,35062.07,18377.55545,34826.037142857145,30806.208,0.009945910882288071,0.019293840039312393,0.006777482496060137,0.13814949246593416,35145.57151428571,-0.477101818004865,35011.88,0
2023-11-04,35062.06,35380.0,34448.0,35011.88,24528.73376,34895.46428571428,31042.23433333333,-0.001431176605139581,0.026581438740336423,0.0033361273927332087,0.12787886413202026,35694.6018,-0.31281671392675403,35046.09,1
2023-11-05,35011.89,35276.33,34725.9,35046.09,22346.47086,34977.08714285714,31278.548333333332,0.0009768110204846723,0.01572123070191299,0.0019728017047567978,0.12045129545387569,34078.67481428571,-0.34426819758166166,35399.12,1
2023-11-06,35046.09,35888.0,34523.06,35399.12,38688.73692,35085.565714285716,31527.950666666668,0.010073306323187727,0.0389469980816691,0.008936845660909984,0.12278531434731592,34928.79462857143,0.1076459216933005,35624.72,1
2023-11-07,35399.13,36106.0,35100.0,35624.72,33401.34137,35114.607142857145,31795.770666666667,0.006372755488623698,0.028418777523628407,0.014527084272011315,0.12042322777687667,32061.374588571427,0.041793803248417756,36701.09,1
2023-11-08,35624.72,37972.24,35534.05,36701.09,82537.88885,35365.96428571428,32106.136333333332,0.030214132209319688,0.0684409589745546,0.03775171245153986,0.14311761524217032,36993.13337857143,1.2311678225616525,37301.63,1
2023-11-09,36701.1,37526.0,36324.71,37301.63,43414.04898,35735.228571428575,32453.673333333332,0.01636272482296168,0.03273171648806169,0.04383353601448092,0.1493808302337013,37613.539455714286,0.1542133393512504,37130.0,0
2023-11-10,37301.63,37408.26,36666.93,37130.0,22984.97235,36030.647142857146,32799.35233333333,-0.0046011394140148135,0.019873930442181796,0.03051160454554295,0.13203454820251193,38271.741870000005,-0.3994270648021593,37064.13,0
2023-11-11,37129.99,37222.22,36731.1,37064.13,17687.18874,36323.82571428571,33139.42333333333,-0.001773768320433175,0.013227043691635862,0.0203806804805567,0.11843014367479937,37294.37829571429,-0.5257411559523828,36462.93,0
2023-11-12,37064.13,37417.99,36333.0,36462.93,32798.18252,36526.23142857143,33459.77166666666,-0.016220534516795542,0.02927331627641059,-0.0017330402315174319,0.08975429848271053,38787.47996142857,-0.15441316237570749,35551.19,0
2023-11-13,36462.93,36744.0,34800.0,35551.19,45503.68416,36547.955714285716,33739.672999999995,-0.025004573137704458,0.05331442097494633,-0.027272817174179228,0.05369100643032336,39761.04385285715,0.14442881148680398,37858.2,1
2023-11-14,35551.2,37980.0,35360.0,37858.2,53569.13385,36867.02428571428,34051.587,0.06489232430972795,0.07369652782465852,0.02688515640981067,0.11178959148071417,42642.15706428572,0.2562482186171112,36163.51,0
2023-11-15,37858.2,37929.54,35500.0,36163.51,47490.39566,36790.22714285714,34310.507,-0.04476414620874725,0.06417473625264807,-0.01703488104119564,0.05400686734241509,37635.37232285715,0.2618553432287314,36613.92,1
2023-11-16,36163.51,36800.0,35861.1,36613.92,38283.61112,36691.98285714286,34586.971,0.012454819789340033,0.025962634711066527,-0.0021275180860841386,0.05860440915742522,36902.45262857143,0.037427281740054844,36568.1,0
2023-11-17,36613.91,36845.49,36178.58,36568.1,17102.24186,36611.71142857143,34848.784,-0.00125116383363604,0.018214662132506367,-0.0011911879251127952,0.0493364703916211,36062.06255857143,-0.5257553049767243,37359.86,1
2023-11-18,36568.11,37500.0,36384.02,37359.86,21246.34648,36653.95857142857,35105.14466666667,0.02165137875597071,0.03051784738122925,0.019258531849863363,0.06422749015115867,36570.51366428572,-0.41903067933254373,37448.78,1
2023-11-19,37359.85,37750.0,36677.0,37448.78,36022.70291,36794.794285714284,35356.443999999996,0.002380362876189286,0.028720672058372827,0.017773865216026682,0.05917834949691217,37031.15943428571,-0.027232647848234065,35741.65,0
2023-11-20,37448.79,37649.44,35735.0,35741.65,47646.54804,36822.002857142856,35548.083666666666,-0.04558598555520751,0.051121544915069414,-0.029339872177357233,0.00544519741622085,37337.28284571428,0.27611182197927553,37408.34,1
2023-11-21,35741.65,37861.1,35632.01,37408.34,45051.30697,36757.73714285714,35692.69533333333,0.04663159087507138,0.06236673460794329,0.017699752697352345,0.04806710870793863,36120.45043428572,0.24725208097729215,37294.28,0
2023-11-22,37408.35,37653.44,36870.0,37294.28,23827.92882,36919.275714285715,35805.08033333333,-0.003049319202798298,0.020942917824496466,0.010157411770924248,0.04159185380406122,32740.09802857143,-0.27220960672732286,37713.57,1
2023-11-23,37294.27,38414.0,37251.51,37713.57,44680.80646,37076.368571428575,35912.331,0.011243014007245696,0.031170740170004617,0.01718618767487544,0.05015656043045497,33653.98307714285,0.32765284743803047,37780.67,1
2023-11-24,37713.57,37888.0,37591.1,37780.67,11396.14464,37249.59285714286,36033.297999999995,0.0017792004310384444,0.007872497883387902,0.014257260338224106,0.04849325754195476,32838.82633142857,-0.6529673586691721,37447.43,0
2023-11-25,37780.67,37814.63,37150.0,37447.43,21264.53723,37262.102857142854,36151.81166666667,-0.008820383545342049,0.017591800251292457,0.00497360934157854,0.035838268501712206,32841.42501,-0.3525086921920992,37242.7,0
2023-11-26,37447.42,37569.23,36707.0,37242.7,30001.07376,37232.66285714285,36257.20166666667,-0.00546686527402959,0.023025084238113152,0.0002695789687580636,0.027180761008353125,31981.192274285713,-0.06191509363701291,37818.87,1
2023-11-27,37242.7,38377.0,36868.41,37818.87,37544.46667,37529.40857142857,36366.96766666666,0.01547068284522888,0.04050699868699092,0.007712922734194204,0.039923656727204535,30538.037792857147,0.2294328445287883,37854.64,1
2023-11-28,37818.88,38450.0,37570.0,37854.64,32994.19107,37593.16571428571,36479.63133333333,0.0009455594665945168,0.023268801191362622,0.0069553675713702814,0.03769250445824138,28815.592664285712,0.14501171134658905,37723.96,0
2023-11-29,37854.65,38145.85,37500.0,37723.96,24740.29147,37654.54857142857,36582.437666666665,-0.003452416017583106,0.01706131215055478,0.0018433743386874425,0.031204107931098075,28945.93018571429,-0.14529291989344678,38682.52,1
2023-11-30,37723.97,38999.0,37615.86,38682.52,43415.66324,37792.969999999994,36691.140666666666,0.025409573806786392,0.036664751880568225,0.023537446249924338,0.05427411896034259,28765.195440000003,0.5093122982793123,39450.35,1
2023-12-01,38682.51,39717.14,38641.61,39450.35,26696.92161,38031.49571428571,36841.43266666667,0.01984979775097315,0.027804038569368916,0.037307349055465296,0.07081476328399745,30951.02072142857,-0.13744616533707055,39972.26,1
2023-12-02,39450.35,40250.0,39274.86,39972.26,26710.65335,38392.18571428571,37016.615333333335,0.013229540422328408,0.024718158394031978,0.04115614300975695,0.07984643220486771,31729.037310000003,-0.15816376371489735,41991.1,1
2023-12-03,39972.26,42420.0,39972.26,41991.1,79272.33059,39070.52857142857,37247.583,0.05050602592898166,0.06123596714321376,0.07475126483717903,0.12735100154015364,38767.78828571429,1.0447988934981727,44073.32,1
2023-12-04,41991.1,44488.0,41414.0,44073.32,67490.74644,39964.02142857143,37549.631,0.049587174425056765,0.07320598888812153,0.10282495165741032,0.17373510274974469,43045.82825285714,0.5678812367960498,43762.69,0
2023-12-05,44073.82,44297.21,43335.28,43762.69,51431.10492,40808.02857142857,37840.18433333333,-0.007059292795586981,0.021825428338183538,0.07240392471789521,0.15651365792765312,45679.67308857143,0.12590790263049229,43273.14,0
2023-12-06,43762.69,44047.33,42821.1,43273.14,47103.26845,41600.76857142857,38102.65166666666,-0.011186469570312128,0.02801998688837462,0.04020049354857391,0.13569891089382213,48874.384085714286,-0.03623811673223663,44170.99,1
2023-12-07,43273.15,44700.0,43081.1,44170.99,42900.37556,42384.83571428571,38387.527333333324,0.020748200674089973,0.03741118915540009,0.04214135210419762,0.15065994265394314,48800.77156,-0.12090784246608745,43713.6,0
2023-12-08,44171.0,44358.02,43584.51,43713.6,24925.97008,42993.87142857142,38621.27766666667,-0.010355210432184046,0.017511715831654135,0.016740259658270328,0.13185276720475828,48547.77848428571,-0.4865682661860992,43789.51,1
2023-12-09,43713.59,44049.0,43563.0,43789.51,18956.61758,43539.19285714285,38837.54033333333,0.0017367596667307705,0.011117823999355807,0.005749237099513327,0.12750471899520666,47440.05908857143,-0.6004090647398297,41253.4,0
2023-12-10,43789.5,43804.5,40222.0,41253.4,76663.89804,43433.80714285715,38974.986999999994,-0.057915710387193245,0.08181184987268637,-0.05020069126534591,0.058458338934147897,47067.425867142854,0.6288100873924795,41492.39,1
2023-12-11,41253.41,42104.12,40680.0,41492.39,42722.69773,43065.10285714286,39122.59566666667,0.005792975659466597,0.03452126745401174,-0.03651942646833848,0.06057354561861164,43529.133194285714,-0.01852633868646801,42869.03,1
2023-12-12,41492.38,43475.2,40555.0,42869.03,45865.99773,42937.43714285714,39336.132333333335,0.03317838118709993,0.07037918769663243,-0.001593181787481707,0.08981304101605576,42734.117881428574,0.07328757451508046,43022.26,1
2023-12-13,42869.03,43420.0,41400.0,43022.26,42047.05709,42901.59714285714,39585.168,0.0035743752541170914,0.04712026374284653,0.0028125493030263272,0.0868277734731353,42011.801972857145,0.0008391717443025719,41940.3,0
2023-12-14,43022.26,43080.81,41666.0,41940.3,33421.7932,42582.927142857145,39721.238000000005,-0.02514884155318663,0.03288553413976852,-0.015091192315203159,0.05586588212582895,40657.71877857143,-0.17797175532595566,42278.03,1
2023-12-15,41940.29,42724.43,41605.0,42278.03,24118.85747,42377.845714285715,39925.05533333333,0.008052877078341566,0.026691041001385547,-0.0023553749041109948,0.05893478786746167,40542.41697714286,-0.4050957178108594,41374.65,0
2023-12-16,42278.02,42424.07,41252.0,41374.65,27722.11452,42032.86571428571,40083.746333333336,-0.021367367724410828,0.02772291606844407,-0.015659548857788266,0.032205165054473954,41794.63082571429,-0.33670631915370636,42657.8,1
2023-12-17,41374.64,42757.81,40542.93,42657.8,46734.0925,42233.49428571429,40286.736333333334,0.031013200356546995,0.05353230867990628,0.01004666370760702,0.05885469716505294,37518.94432,0.2456132054623864,42275.99,0
2023-12-18,42657.8,43497.0,41811.1,42275.99,40927.86444,42345.43714285714,40450.60733333333,-0.008950531907412124,0.03952149431053644,-0.0016400147818253386,0.04512621161963266,37262.53956428571,0.09836487041874403,43668.93,1
2023-12-19,42275.99,44283.0,42206.0,43668.93,48710.2947,42459.70857142857,40657.945666666674,0.03294872574243684,0.04912954137797838,0.028479268211113497,0.07405647983345788,37668.86770285714,0.2931181017767991,43861.8,1
2023-12-20,43668.92,44242.35,43286.72,43861.8,34624.29384,42579.642857142855,40928.617333333335,0.004416871312594968,0.021883527231724473,0.030111975038373588,0.0716658137453817,36608.47295285714,-0.054199996689626606,43969.04,1
2023-12-21,43861.79,44398.26,43412.54,43969.04,32783.19638,42869.462857142855,41147.30733333334,0.002445180645842315,0.02247331903235142,0.02564942664482058,0.06857636257478224,36517.24483571428,-0.10225438618146612,43702.16,0
2023-12-22,43969.04,43988.68,43291.1,43702.16,16557.1293,43072.909999999996,41360.903333333335,-0.006069725424980791,0.015865254278919935,0.014608950265956197,0.05660554963701231,35436.99795428571,-0.5327728008631273,42991.5,0
2023-12-23,43702.15,43946.0,42500.0,42991.5,25144.33496,43303.888571428564,41536.83433333333,-0.01626121369314785,0.03308761697078977,-0.00721386881719151,0.035021100909928944,35068.74373142857,-0.28299869671505584,43576.13,1
2023-12-24,42991.5,43802.32,42720.43,43576.13,27021.23992,43435.07857142857,41730.01633333333,0.0135987346335903,0.0251652070758173,0.00324740815973138,0.04423946666879244,32252.62193428571,-0.16220020886812186,42508.93,0
2023-12-25,43576.12,43592.68,41637.6,42508.93,41010.04282,43468.35571428571,41898.733,-0.02449024832867181,0.0448658577220735,-0.022071819799026764,0.014563614608584945,32264.361702857143,0.2710631996283501,43428.85,1
2023-12-26,42508.93,43677.0,42098.69,43428.85,36191.21136,43434.05857142857,42104.937999999995,0.02164062939245938,0.037128904444313174,-0.00011991905891100775,0.031443152819747744,30475.92122571429,0.18753461435854454,42563.76,0
2023-12-27,43428.86,43787.57,42241.79,42563.76,35150.52485,43248.624285714286,42263.101,-0.019919933426758116,0.03559338191239648,-0.015835516089248318,0.007113983424926619,30551.097084285717,0.15054869398061813,42066.95,0
2023-12-28,42563.76,43111.0,41300.0,42066.95,42597.18912,42976.897142857146,42403.51133333333,-0.011672136108276264,0.04254793279541093,-0.021172937167437737,-0.007937109988076884,31953.096047142863,0.3331161730667066,42140.28,1
2023-12-29,42066.94,42612.32,41520.3,42140.28,22906.57818,42753.77142857143,42550.721999999994,0.0017434118098439417,0.02595910232595945,-0.014349410778798566,-0.009645946783229565,32860.16017285715,-0.30290728774593484,42283.58,1
2023-12-30,42140.29,42899.0,41965.84,42283.58,23585.91603,42652.64,42670.757333333335,0.0034003088255918712,0.022144128576239118,-0.008652688321285568,-0.00907359881871325,32637.528897142856,-0.2773375673038546,44179.55,1
2023-12-31,42283.58,44184.1,42180.77,44179.55,27174.29903,42738.84285714286,42828.39733333334,0.04483939155577652,0.04737843862794971,0.03370954959339431,0.031548055747933845,32659.394484285713,-0.16794847365969706,44946.91,1
2024-01-01,44179.55,45879.63,44148.34,44946.91,65146.40661,43087.125714285714,42994.219000000005,0.01736912213908925,0.039187587922466405,0.043163340670405184,0.045417524621158924,36107.44645428572,0.804237435967105,42845.23,0
2024-01-02,44946.91,45500.0,40750.0,42845.23,81194.55173,43003.75142857143,43022.689999999995,-0.046759165424274995,0.10568023474806165,-0.0036862232550740667,-0.004124800192642344,42536.495078571425,0.9088209214233854,44151.1,1
2024-01-03,42845.23,44729.58,42613.77,44151.1,48038.06334,43230.514285714286,43025.282666666666,0.030478772082679805,0.04938262672414186,0.02129481292314685,0.026166413409889025,44377.57200571429,0.08248516466413185,44145.11,0
2024-01-04,44151.1,44357.46,42450.0,44145.11,48075.25327,43527.39428571429,43038.03,-0.00013567045894661658,0.04320300060474143,0.01419142414615995,0.025723296349763263,45160.15259857143,0.06455028390494817,43968.32,0
2024-01-05,44145.12,44214.42,43397.05,43968.32,17835.06144,43788.54285714286,43061.20266666667,-0.00400497269007317,0.01851552334663481,0.004105574909027091,0.021065768653868097,44435.65020714286,-0.5986316987180468,43929.02,0
2024-01-06,43968.32,44480.59,43572.09,43929.02,23023.8508,44023.60571428571,43053.136999999995,-0.0008938253724500483,0.02066260434785773,-0.0021485226562216794,0.020344231826823714,44355.35517428571,-0.4809228624247901,46951.04,1
2024-01-07,43929.01,47248.99,43175.0,46951.04,72814.57589,44419.532857142854,43161.051666666666,0.0687934920454615,0.09274030987723142,0.05699085469896086,0.08781037965903753,50875.39472571428,0.4312336303741119,46110.0,0
2024-01-08,46951.04,47972.0,44748.67,46110.0,69927.66617,44585.688571428575,43238.401333333335,-0.01791312822889548,0.06865300534343864,0.0341883567891836,0.06641315539233161,51558.43180571428,0.3562799278594395,46653.99,1
2024-01-09,46110.0,47695.93,44300.36,46653.99,89911.41203,45129.79714285715,43418.421,0.011797657774886098,0.07364064194317935,0.03377353663518716,0.07452065103887577,52803.697562857145,0.702748409294067,46339.16,0
2024-01-10,46654.0,48969.48,45606.06,46339.16,87470.3296,45442.37714285714,43579.979999999996,-0.006748403137994524,0.07209285377459608,0.019734505840740827,0.06331301666499177,58436.878457142855,0.4968343948102917,42782.73,0
2024-01-11,46339.16,46515.53,41500.0,42782.73,86327.93707,45247.75142857143,43577.103333333325,-0.0767478305605885,0.10823523775571241,-0.054478318827903154,-0.01822914495387499,63901.54757142857,0.35095221244060504,42847.99,1
2024-01-12,42782.74,43257.0,42436.12,42847.99,36118.47464,45087.70428571429,43571.29433333334,0.001525147758184726,0.019187176884883892,-0.04967461353812878,-0.016600478466392295,66513.46374285713,-0.4569749851002346,41732.35,0
2024-01-13,42847.99,43079.0,41720.0,41732.35,28228.40894,44773.89428571429,43564.36266666666,-0.02603716066961366,0.03171677364562492,-0.06793119817332345,-0.04205301201544788,67256.97204857144,-0.5802902200293214,42511.1,1
2024-01-14,41732.35,43400.43,41718.05,42511.1,40269.89303,44139.61714285715,43572.131666666675,0.018660583456239586,0.040313569688742605,-0.03689468210805906,-0.024351153502971297,62607.731640000005,-0.3567904158937518,43137.95,1
2024-01-15,42511.1,43578.01,42050.0,43137.95,45045.74589,43715.03857142857,43630.90833333333,0.014745560571239007,0.03594378879869027,-0.013201145195963559,-0.011298374298495254,59053.1716,-0.23720022702387764,42776.1,0
2024-01-16,43137.94,43198.0,42200.69,42776.1,33266.21388,43161.05428571429,43634.85166666666,-0.008387975874601425,0.02311909191769467,-0.00891901952083924,-0.019680407606901,50961.00043571428,-0.3472221189620424,41327.5,0
2024-01-17,42776.09,42930.0,40683.28,41327.5,43907.51641,42445.102857142854,43603.23533333333,-0.03386447896476739,0.05252279953590899,-0.026330548918784842,-0.05219189163226153,44737.741408571426,-0.018557597510105075,41659.03,1
2024-01-18,41327.51,42196.86,40280.0,41659.03,48342.74559,42284.57428571428,43536.238666666664,0.00802177532592689,0.046382179811946096,-0.014793675856531506,-0.04311830153816072,39311.28548285714,0.22974217190331495,41696.04,1
2024-01-19,41659.03,41872.56,41456.3,41696.04,15923.99493,42120.01,43464.04666666666,0.0008884028264700844,0.009992071346836323,-0.010065762092649103,-0.040677451877083874,36426.35981,-0.5628441872023555,41580.33,0
2024-01-20,41696.05,41881.39,41500.98,41580.33,11730.16301,42098.29285714286,43384.422999999995,-0.0027753228423316157,0.009123406173966028,-0.012303654661259537,-0.04158388830018538,34069.467534285715,-0.6556986692499558,39568.02,0
2024-01-21,41580.32,41689.65,39431.58,39568.02,55426.19911,41677.85285714286,43246.61833333333,-0.04839549094379271,0.05430621986555177,-0.050622398048542364,-0.08506094753998304,36234.654117142854,0.5296461484305297,39897.6,1
2024-01-22,39568.02,40176.74,38555.0,39897.6,57956.63351,41214.94571428571,43143.48833333333,0.00832945393780133,0.040986129707779116,-0.03196281570811589,-0.07523472159355982,38079.066634285715,0.522007723209709,40084.88,1
2024-01-23,39897.59,40555.0,39484.19,40084.88,39293.82861,40830.48571428571,43027.113333333335,0.004694268500929527,0.026838964458755474,-0.018261005257276145,-0.06838091392605633,38940.15445285715,0.009082505247148554,39961.09,0
2024-01-24,40084.89,40300.24,39550.0,39961.09,31022.11853,40635.28428571428,42942.18533333333,-0.003088445546439142,0.018716279376094033,-0.01659135152036589,-0.06942113705189785,37099.38332714285,-0.16381039931455063,41823.51,1
2024-01-25,39961.09,42246.82,39822.52,41823.51,47384.96726,40658.78142857143,42888.674,0.04660583582680066,0.06066651335086213,0.028646421031450448,-0.024835554486949095,36962.557851428566,0.28197208241010885,42120.63,1
2024-01-26,41823.51,42200.0,41394.34,42120.63,16224.41667,40719.43714285714,42873.903000000006,0.007104138318376323,0.019263328209421053,0.034410909272321565,-0.017569499095988723,37005.475242857145,-0.5615671312549442,42031.06,0
2024-01-27,42120.63,42842.68,41620.81,42031.06,27294.99838,40783.82714285714,42872.70666666667,-0.002126511403082046,0.029008825366572216,0.030581555104528698,-0.019631293009103414,39229.02315285714,-0.3042141713892755,43302.7,1
2024-01-28,42031.05,43333.0,41804.88,43302.7,31542.74207,41317.352857142854,42911.454000000005,0.030255013852853882,0.03635693136383703,0.04805116992179039,0.00911751906612141,35817.10071857143,-0.11933848811931186,42941.1,0
2024-01-29,43302.71,43882.36,42683.99,42941.1,37619.24546,41752.138571428564,42933.37133333333,-0.008350747562912358,0.02767424948692594,0.028476659382067036,0.00018001536862000597,32911.759568571426,0.1430335525398014,42580.0,0
2024-01-30,42941.1,43745.11,42276.84,42580.0,39871.13688,42108.58428571428,42880.05299999999,-0.008409193057467054,0.03419264993211641,0.011195240169726013,-0.006997496015221638,32994.23217857142,0.20842748102787734,43082.94,1
2024-01-31,42580.0,43285.13,41884.28,43082.94,35231.04664,42554.56285714286,42817.92066666667,0.011811648661343408,0.032899248473461686,0.012416462710025293,0.0061894489318264564,33595.50762285715,0.04868326549797661,43200.0,1
2024-02-01,43082.95,43488.0,42546.79,43200.0,29672.14418,42751.20428571429,42829.746333333336,0.0027168520261496233,0.0218464613031373,0.010497849634511499,0.008644778416035224,31065.104325714285,-0.04484002793324779,43011.09,0
2024-02-02,43199.99,43380.01,42880.0,43011.09,12033.40998,42878.41285714286,42791.746,-0.004372686197381098,0.01157430823479362,0.0030942643166195333,0.005125848335330774,30466.389084285714,-0.6050267083929968,42582.88,0
2024-02-03,43011.1,43119.04,42222.0,42582.88,17066.89404,42957.24428571429,42739.67166666667,-0.009956034605020592,0.02085601158770645,-0.008714811481489481,-0.0036685276360921546,29005.23132142857,-0.41159255546459755,42708.7,1
2024-02-04,42582.88,43569.76,42258.1,42708.7,29467.75905,42872.38714285714,42697.68433333333,0.002954708558932597,0.030802519698057144,-0.0038180086010072083,0.00025799213326579593,28708.805175714286,0.02643627519990761,43098.95,1
2024-02-05,42708.7,43399.98,42574.0,43098.95,24675.85433,42894.93714285714,42670.01533333333,0.009137482526979282,0.019339853472477582,0.004756105748876937,0.010052367296235515,26859.7493,-0.08130734749635214,44349.6,1
2024-02-06,43098.96,44396.5,42788.0,44349.6,34392.59915,43147.73714285715,42583.30066666667,0.029017869572722857,0.03732108617006072,0.027854597638889395,0.041478685439617684,26077.101052857146,0.31888123147920866,45288.65,1
2024-02-07,44349.6,45614.3,44331.1,45288.65,45439.62231,43462.83857142857,42555.92233333333,0.02117380991034875,0.028933744610999974,0.04200856383484528,0.06421497918108038,27535.469005714283,0.6502214761829612,47132.77,1
2024-02-08,45288.66,48200.0,45242.12,47132.77,73503.481,44024.66285714286,42571.88166666667,0.04071902326101044,0.06531171379325414,0.07059922645955839,0.10713382060592487,33797.08855142857,1.1748465370959618,47751.09,1
2024-02-09,47132.78,48170.0,46800.0,47751.09,24802.35936,44701.80571428571,42618.946,0.013118470839190849,0.029066819313437485,0.06821389509864488,0.12041930835173616,35621.22417714285,-0.30371962410222325,48299.99,1
2024-02-10,47751.08,48592.66,47557.16,48299.99,29958.80837,45518.5357142857,42802.85466666667,0.011495237385206705,0.02168537339888438,0.0611059701738462,0.12842917548708022,37462.926224285715,-0.2003078405931114,49917.27,1
2024-02-11,48300.0,50334.82,47710.01,49917.27,59009.96705,46548.33142857143,43038.49733333333,0.03348385093167695,0.05434389233954447,0.0723750662598554,0.15982836513530066,41683.24165285715,0.4156760537350195,49699.59,0
2024-02-12,49917.28,50368.61,48300.95,49699.59,55551.56706,47491.27999999999,43304.072,-0.004361014862989376,0.041421728106980256,0.04649927312971992,0.1476886053579441,46094.05775714286,0.2051784929130389,51795.17,1
2024-02-13,49699.6,52043.71,49225.01,51795.17,57046.37401,48554.93285714286,43613.541,0.042164725671836385,0.05671474217096309,0.0667334285558685,0.18759377964747237,49330.31130857142,0.15641625801148895,51880.0,1
2024-02-14,51795.17,52816.62,51314.0,51880.0,53816.03055,49496.55428571429,43904.94266666667,0.0016377975011956085,0.029010813170417295,0.0481537704731423,0.18164372503299317,50526.94105714285,0.06509575731365556,52124.11,1
2024-02-15,51880.01,52572.08,51566.0,52124.11,37772.25318,50209.602857142854,44216.543,0.004705087759235177,0.01939244036383188,0.03813029846709467,0.17883729625809966,45422.47994,-0.16842380182908168,51642.64,0
2024-02-16,52124.1,52162.82,50625.0,51642.64,25674.00622,50765.53857142857,44560.38100000001,-0.009236802170205321,0.029503051371630392,0.017277496767562496,0.15893623081903158,45547.00092,-0.436318402937341,52137.67,1
2024-02-17,51642.64,52377.0,51163.28,52137.67,21992.10363,51313.77857142857,44909.669,0.009585683458475377,0.023502284158981826,0.016055949328006976,0.16094531892452818,44408.90024285715,-0.5047816201317151,51774.73,0
2024-02-18,52137.68,52488.77,51677.0,51774.73,29534.99432,51579.13,45245.62533333334,-0.006961376110329365,0.015569737663816204,0.0037922314703641925,0.14430355683152746,40198.18985285715,-0.2652655647403298,52258.82,1
2024-02-19,51774.74,52985.0,50760.37,52258.82,49614.47318,51944.73428571428,45601.575,0.009349733093782833,0.042967477963192044,0.006046536162032105,0.14598717259217478,39350.03358428571,0.2608495764998116,51849.39,0
2024-02-20,52258.82,52366.8,50625.0,51849.39,43079.40049,51952.479999999996,46010.954,-0.007834658340926953,0.03333025889218323,-0.0019843133571293714,0.12689230481941327,37354.75165285714,0.15325088733938877,51288.42,0
2024-02-21,51849.38,52065.78,50940.78,51288.42,35309.44574,51867.968571428566,46390.648,-0.01081903004433224,0.021697462920482368,-0.011173535177697546,0.10557671020245281,34710.95382285714,0.017242162811116884,50744.15,0
2024-02-22,51288.42,51548.54,50521.0,50744.15,30545.79544,51670.83142857143,46745.957,-0.010611947102289304,0.020034541910240185,-0.017934323929980713,0.08553024168485841,33678.60271714286,-0.09302070229737339,51568.22,1
2024-02-23,50744.15,51698.0,50585.0,51568.22,16560.4211,51660.2,47132.861333333334,0.016239704478250197,0.021933562785069805,-0.0017804809118043665,0.09410331860183269,32376.661985714287,-0.48850745925237643,51728.85,1
2024-02-24,51568.21,51958.55,51279.8,51728.85,18721.63159,51601.79714285715,47463.03933333334,0.003115097460237604,0.013162178791934024,0.00246217891968203,0.08987647497050982,31909.45169428571,-0.4132888346259915,54476.47,1
2024-02-25,51728.85,54910.0,50901.44,54476.47,51256.72199,51987.76,47874.90066666667,0.05311581448263402,0.07749176716667774,0.04787107580707457,0.1378920737464785,35012.55564714286,0.46395260336223754,57037.34,1
2024-02-26,54476.48,57588.15,54450.13,57037.34,67194.98562,52670.40571428572,48375.10999999999,0.04700854387067581,0.05760320784309125,0.08291058757745318,0.17906377887306105,37524.05742428572,0.7907174818603477,62432.1,1
2024-02-27,57037.35,64000.0,56691.85,62432.1,118763.46984,54182.22142857143,49012.75666666667,0.09458276024394542,0.12812919955082067,0.15226172633590535,0.27379287038673666,48336.067331428574,1.45703625463917,61130.98,0
2024-02-28,62432.11,63676.35,60364.7,61130.98,78425.07603,55588.30142857142,49619.086,-0.02084071802154368,0.05304401853469315,0.09970944297606725,0.23200536180775275,54495.443087142856,0.43911254936658867,62387.9,1
2024-02-29,61130.99,63114.23,60777.0,62387.9,47737.93473,57251.694285714286,50279.34933333333,0.020560929898239887,0.038233144923712235,0.08971272865137418,0.24082552433985363,56951.46298571428,-0.16177860537183045,61987.28,0
2024-03-01,62387.9,62433.19,61561.12,61987.28,25534.73659,58740.13142857143,50909.49399999999,-0.006421437490282613,0.013978191283886774,0.05527989966071374,0.2175976449500757,58233.508055714294,-0.5615112768825482,63113.97,1
2024-03-02,61987.28,63231.88,61320.0,63113.97,28994.90903,60366.57714285714,51573.29299999999,0.01817614839689695,0.030843102004153067,0.04551182106351953,0.2237723505458535,59701.119118571434,-0.5143322360102885,68245.71,1
2024-03-03,63113.97,68499.0,62300.0,68245.71,84835.16005,62333.611428571436,52414.44700000001,0.08130909844524128,0.09821914229131838,0.0948460779976352,0.30204006540410505,64498.03884142858,0.3153137920762395,63724.01,0
2024-03-04,68245.71,69000.0,59005.0,63724.01,132696.7813,63288.85,53119.151333333335,-0.06625617932614378,0.1464560922583998,0.0068757766968431805,0.19964284820966077,73855.43822428572,0.7967096870649345,66074.04,1
2024-03-05,63724.01,67641.1,62779.14,66074.04,78738.85491,63809.12714285714,53897.996,0.03687825044280785,0.07629714451428914,0.03549512363759686,0.22590903008712968,68137.63609142858,0.15558536260850714,66823.17,1
2024-03-06,66074.04,67980.0,65551.0,66823.17,53059.8869,64622.29714285715,54688.80333333334,0.011337735667442232,0.03676179025832233,0.03405748409527281,0.22188027396954674,64514.037644285716,-0.1775450919293107,68124.19,1
2024-03-07,66823.18,69990.0,66082.66,68124.19,74261.932842,65441.76714285714,55481.289666666664,0.019469441591974664,0.05847282335261502,0.040989462452736394,0.22787682855413569,68303.18023171429,0.08723975355277765,68313.27,1
2024-03-08,68124.2,68541.1,67861.1,68313.27,19872.89743,66345.48,56248.777,0.002775372041066273,0.009981768593245866,0.029659744718103,0.21448453892606414,67494.346066,-0.7055620420328675,68955.88,1
2024-03-09,68313.28,69887.61,68094.75,68955.88,38404.66835,67180.03857142858,56976.214,0.009406662950454229,0.0262446774624202,0.026434063842986286,0.21025731895769706,68838.59739742857,-0.44210559479768563,72078.1,1
2024-03-10,68955.88,72800.0,67024.96,72078.1,75292.825726,67727.52285714286,57787.11433333333,0.04527851721999634,0.08374978319470353,0.06423647225417922,0.2473040197894638,67475.40677971429,0.11585582539438533,71452.01,0
2024-03-11,72078.1,73000.0,68620.82,71452.01,68783.546691,68831.52285714286,58558.848333333335,-0.008686272251904685,0.06075604101661937,0.038071032487481844,0.22017444047524942,58344.94469271429,0.1789118500885168,73072.41,1
2024-03-12,71452.0,73650.25,71333.31,73072.41,52659.711647,69831.29000000001,59330.68633333333,0.02267830151710244,0.0324265241000952,0.04641357763833369,0.23161241704608865,54619.352798,-0.03587814667536229,71388.94,0
2024-03-13,73072.4,73777.0,68555.0,71388.94,71757.628746,70483.54285714286,60053.66466666667,-0.02303824699886677,0.07146337057493664,0.012845511252069316,0.18875243328197885,57290.458776,0.2525231998327191,69499.85,0
2024-03-14,71388.94,72419.71,65600.0,69499.85,103334.03546,70680.06571428572,60643.82066666666,-0.026461942143979116,0.09552894327888894,-0.016697999674428355,0.1460334991426609,61443.61629285714,0.681770079538965,65300.63,0
2024-03-15,69499.84,70043.0,64780.0,65300.63,55926.95336,70249.68857142857,61091.175,-0.06042042686716976,0.07572679304009909,-0.07044954464668504,0.06890446942623045,66594.19571142856,-0.16018276424048625,68393.48,1
2024-03-16,65300.64,68904.4,64533.0,68393.48,49742.21589,70169.34571428572,61633.48733333334,0.047363088631290545,0.06694268233818221,-0.025308283784156466,0.10968051556301667,68213.84536,-0.27079003349709424,67609.99,0
2024-03-17,68393.47,68956.0,66565.2,67609.99,55691.08088,69531.04428571429,62165.73233333333,-0.011455479594762423,0.03495655360080433,-0.027628727648909803,0.08757650657880942,65413.59609628571,-0.1486314129859889,61937.4,0
2024-03-18,67610.0,68124.11,61555.0,61937.4,101005.32487,68171.81428571428,62492.39,-0.0839017896760834,0.09716181038307943,-0.09145149430210676,-0.008880921340982445,70016.70726471428,0.4425889022190963,67840.51,1
2024-03-19,61937.41,68100.0,60775.0,67840.51,90420.58592,67424.4,63027.916,0.09530750478587967,0.11826455126231464,0.006171504677831774,0.07635654651821262,75411.11787514285,0.19903521480357994,65501.27,0
2024-03-20,67840.51,68240.47,64529.01,65501.27,53357.48002,66583.30428571429,63469.331,-0.03448146247721307,0.05470860994411745,-0.01625083491007286,0.032014501618112194,72782.5252,-0.2668916079322843,63796.64,0
2024-03-21,65501.28,66649.62,62260.0,63796.64,51482.37821,65768.56,63867.57266666667,-0.02602452959697886,0.06701578961510364,-0.0299827151453521,-0.001110620988163657,65375.145592857145,-0.21250839683598438,63990.01,1
2024-03-22,63796.64,65999.0,63000.0,63990.01,26410.11409,65581.32857142857,64290.959,0.0030310373712471787,0.04700874528815311,-0.024264811434787738,-0.00468104698827094,61158.45426857143,-0.5681690388376637,67209.99,1
2024-03-23,63990.02,67628.69,63772.29,67209.99,31395.78015,65412.25857142856,64839.82033333333,0.05031987800597669,0.06026564767443426,0.027483096713567343,0.03655422939918607,58537.534877142854,-0.4636641222440833,69880.01,1
2024-03-24,67210.0,71150.0,66385.06,69880.01,53431.14486,65736.54714285713,65450.21333333333,0.03972638000297567,0.07089629519416757,0.06303134309957573,0.06768192861505308,58214.68687428571,-0.0821707076191227,69988.0,1
2024-03-25,69880.0,71561.1,69280.0,69988.0,38934.38417,66886.63285714286,66058.85166666665,0.0015455065827132226,0.03264310246136242,0.04636751784891117,0.05947951310385852,49347.40963142858,-0.21101463155214312,69469.99,0
2024-03-26,69987.99,71769.54,68359.18,69469.99,49119.35685,67119.41571428571,66558.63566666665,-0.007401269846440796,0.04872778886777575,0.035020779914417426,0.043741196077301675,43447.23405000001,0.1305519884987935,70780.6,1
2024-03-27,69469.99,71552.06,68903.62,70780.6,35439.03239,67873.60571428572,67016.74433333334,0.018865844086057886,0.03812351203735602,0.04282952489589688,0.05616291427028592,40887.45581714286,-0.13325415627495465,69850.54,0
2024-03-28,70780.6,70916.16,69009.0,69850.54,25445.08353,68738.44857142857,67264.02566666667,-0.013140041197729492,0.026944671279983547,0.016178593664589486,0.038453159882981806,37167.84229142857,-0.3154005731490096,69582.18,0
2024-03-29,69850.53,70321.1,69540.0,69582.18,13644.61142,69537.33,67545.73233333333,-0.0038417747152384644,0.011182449152497567,0.0006449773093098523,0.030149168516183034,35344.19905285714,-0.6139504703559833,71280.01,1
2024-03-30,69582.17,71366.0,69562.99,71280.01,19396.34433,70118.76142857142,67842.136,0.02440050374973929,0.02591195416871872,0.016561167764087118,0.05067461319319304,33629.99393571429,-0.42324270509601475,69649.8,0
2024-03-31,71280.0,71288.23,68062.86,69649.8,41445.32039,70085.87428571428,68097.55333333333,-0.02287037037037033,0.04524929854096514,-0.006221999656258289,0.022794455757735105,31917.73329714286,0.29850450231407916,65463.99,0
2024-04-01,69649.81,69674.23,64550.0,65463.99,71799.82793,69439.58714285714,68175.88733333333,-0.06009808210532089,0.07357134211852116,-0.05725260339866652,-0.03977795433851878,36612.79669142857,0.9610582752016065,65963.28,1
2024-04-02,65463.99,66903.63,64493.07,65963.28,39887.21778,68938.62857142858,68099.80633333333,0.0076269411626147575,0.03682268679315155,-0.04315938151200331,-0.031373456818298555,35293.91968142857,0.13014417610828288,68487.79,1
2024-04-03,65963.27,69309.91,65064.52,68487.79,41510.48453,68611.08428571429,68258.599,0.03827160175655314,0.06435990817313948,-0.0017970024376945035,0.003357686846165589,36161.269987142856,0.14792662273086812,67820.62,0
2024-04-04,68487.8,68756.67,65952.56,67820.62,37915.23073,68321.09571428571,68316.81833333333,-0.0097415890129338,0.04094320448313423,-0.0073253467183645405,-0.00726319441447447,37942.71958714286,-0.0007244830481833687,68896.0,1
2024-04-05,67820.63,69692.0,67447.83,68896.0,20134.28919,68223.06999999999,68385.91266666666,0.01585608980630223,0.0330897840376888,0.00986367221527861,0.007458953363972222,38869.81641142857,-0.48200709319326546,69360.39,1
2024-04-06,68896.0,70326.29,68824.0,69360.39,21534.74433,67948.83857142857,68427.11933333334,0.006740449372967943,0.02180518462610302,0.0207737388636539,0.013638900420758084,39175.30212571429,-0.4502979387141777,71620.0,1
2024-04-07,69360.38,72797.99,69043.24,71620.0,45723.87624,68230.29571428572,68537.34366666667,0.032577964538256496,0.05413393063878831,0.0496803399461826,0.04497776202599738,39786.52439,0.14923022156447277,69146.0,0
2024-04-08,71620.0,71758.19,68210.0,69146.0,39293.90242,68756.29714285715,68543.68100000001,-0.03454342362468584,0.049541887740854544,0.005667886045886891,0.00878737457943043,35142.820745714285,0.1181203325800745,70631.08,1
2024-04-09,69146.0,71172.08,67518.0,70631.08,42006.02377,69423.12571428572,68495.447,0.021477453504179587,0.05284586237815639,0.017399883299488352,0.031179196480022996,35445.50731571428,0.18508739050765965,70006.23,0
2024-04-10,70631.08,71305.89,69567.21,70006.23,31917.25595,69640.04571428572,68447.25433333333,-0.008846672031632615,0.02461635869081986,0.005258243040457377,0.022776306834377362,34075.04609,-0.06332464332699027,67116.52,0
2024-04-11,70006.22,71227.46,65086.86,67116.52,56072.86229,69539.46,68248.72466666666,-0.04127776074754496,0.08771506303297058,-0.0348426634316689,-0.01658938935777121,36668.993455714284,0.5291628431993932,63924.51,0
2024-04-12,67116.52,67929.0,60660.57,63924.51,71395.22019,68829.24714285714,67999.91033333333,-0.04755922982896017,0.10829569232731374,-0.0712594913711204,-0.05993243687169369,43991.98359857142,0.6229143209700244,65661.84,1
2024-04-13,63924.52,65840.0,62134.0,65661.84,61599.17818,68300.88285714286,67871.97666666667,0.027177677673606307,0.05797462382197004,-0.03863848821197008,-0.032563316632446285,49715.474148571426,0.23903430943683468,63419.99,0
2024-04-14,65661.85,66867.07,62274.4,63419.99,52389.53069,67129.45285714285,67809.28866666666,-0.03414250436136063,0.06994426748561006,-0.05525835083203948,-0.06473005030687383,50667.71049857143,0.03398259314434809,63793.39,1
2024-04-15,63419.99,64365.0,61600.0,63793.39,53435.29331,66364.79428571429,67655.95233333333,0.00588773350484605,0.043598240870110515,-0.038746511812330194,-0.05709124179204397,52687.90919714286,0.014185116172681091,61277.37,0
2024-04-16,63793.4,64499.0,59678.16,61277.37,50610.54509,65028.549999999996,67444.865,-0.03944028692623373,0.07556957302793073,-0.05768512445687307,-0.0914449899188026,53917.126528571425,-0.06132710794257967,63470.08,1
2024-04-17,61277.38,64117.09,60803.35,63470.08,43601.60918,64094.81428571429,67495.95433333334,0.03578318785822769,0.054077703713833684,-0.0097470332456136,-0.059646157656372815,55586.319847142855,-0.21560539895606834,63818.01,1
2024-04-18,63470.09,65450.0,59600.01,63818.01,69774.30271,63623.59857142857,67361.871,0.005481637098671288,0.09216924066123111,0.003055649679311531,-0.052609301781418705,57543.668478571424,0.21254526440181898,64940.59,1
2024-04-19,63818.01,65419.0,63090.07,64940.59,23137.42975,63768.75285714285,67343.18166666667,0.017590332258871664,0.03649330337940654,0.01837635347020729,-0.0356768362765952,50649.69841571428,-0.543187215842898,64941.15,1
2024-04-20,64940.58,65695.56,64237.5,64941.15,19316.42152,63665.79714285715,67381.33200000001,8.777254530213757e-06,0.02245221708829822,0.020031993855054397,-0.036214511164605764,44609.304607142854,-0.5669867152130623,66819.32,1
2024-04-21,64941.15,67232.35,64500.0,66819.32,31397.99371,64151.41571428572,67475.64233333334,0.028921107802987865,0.04207424722229289,0.0415876135547259,-0.009726803786336141,41610.51361,-0.2454312387421647,66414.0,0
2024-04-22,66819.32,67183.01,65765.81,66414.0,22599.90004,64525.78857142857,67449.10933333333,-0.006065910278644065,0.021209434636569137,0.0292628958184869,-0.015346523379839144,37205.457428571426,-0.39256491918186404,64289.59,0
2024-04-23,66414.0,67070.43,63606.06,64289.59,33595.69637,64956.10571428571,67262.762,-0.031987382178456404,0.05216324871262076,-0.01026101714313713,-0.04420234780129912,34774.76475428571,-0.03390586227158877,64498.34,1
2024-04-24,64289.58,65297.94,62794.0,64498.34,31341.46338,65103.0,67079.77333333335,0.0032471825138691954,0.03894783571459018,-0.009287744036373186,-0.03848303601900486,33023.31535428571,-0.05092922852361163,63770.01,0
2024-04-25,64498.33,64820.01,63297.48,63770.01,27085.19346,65096.142857142855,66889.774,-0.011292075314198053,0.02360572746612197,-0.02037191143649058,-0.04664037286177709,26924.871175714285,0.005954430876918051,63461.98,0
2024-04-26,63770.0,63923.41,62391.24,63461.98,20933.06052,64884.91285714286,66645.82,-0.0048301709267680225,0.024026501489728798,-0.021930103540028292,-0.04777253847278049,26609.961285714286,-0.21333743047427747,63118.62,0
2024-04-27,63461.98,64370.0,62781.0,63118.62,16949.20005,64624.55142857142,66421.42266666667,-0.005410483568271909,0.025038613670736398,-0.023302775729683863,-0.049724961225863076,26271.786790000002,-0.3548516442569684,63866.0,1
2024-04-28,63118.62,64228.35,61765.53,63866.0,28150.22947,64202.648571428566,66230.88333333333,0.011840879917843536,0.03901891391161593,-0.005243530896611352,-0.035706655480210236,25807.82047,0.09076353436055966,60672.0,0
2024-04-29,63866.0,64734.0,59191.6,60672.0,54947.65535,63382.362857142856,65877.283,-0.05001096044843892,0.08678169918266372,-0.04276209871272435,-0.07901484036613951,30428.92837142857,0.8057703077573195,58364.97,0
2024-04-30,60672.01,60841.63,56552.82,58364.97,81166.46823,62535.98857142858,65501.121999999996,-0.038024782762265515,0.07068844430899845,-0.06669789135362338,-0.10894701925869293,37224.752922857144,1.1804434376825987,59060.61,1
2024-05-01,58364.97,59625.0,56911.84,59060.61,47583.81961,61759.17,65287.676,0.011918793070569545,0.046486102879861046,-0.04369488773893816,-0.0953788889652007,39545.08952714286,0.20328010832645949,62882.01,1
2024-05-02,59060.6,63333.0,58811.32,62882.01,43628.40143,61632.31285714286,65184.967,0.06470320315066226,0.07656000785633739,0.02027665497080738,-0.03532957223097152,41908.40495142857,0.04104180248723101,63892.04,1
2024-05-03,62882.01,64540.0,62541.03,63892.04,24368.69282,61693.75,65031.77533333333,0.016062304624168324,0.03178921920593825,0.035632296626481624,-0.017525822222927017,42399.209565714285,-0.4252559642124671,64012.0,1
2024-05-04,63892.03,64646.0,62822.17,64012.0,18526.75029,61821.375714285714,64904.82133333334,0.0018776989868689595,0.02854550090206872,0.03543473855771986,-0.013755855343134763,42624.573885714286,-0.5653504867949125,63165.19,0
2024-05-05,64012.0,65500.0,62700.0,63165.19,34674.91949,61721.26,64713.79433333334,-0.013228925826407513,0.0437417984127976,0.0233943701084521,-0.023930049988363424,43556.672459999994,-0.20391256880691466,62312.08,0
2024-05-06,63165.18,64422.41,62261.0,62312.08,25598.79472,61955.55714285715,64478.850666666665,-0.013505858765858001,0.03421837791010812,0.005754493601288773,-0.03360436242680748,39363.97808428571,-0.34968984422285393,61193.03,0
2024-05-07,62312.07,63020.22,60888.0,61193.03,26121.19004,62359.56571428571,64131.284999999996,-0.017958639473861178,0.03421841065462921,-0.018706604206168695,-0.045816250212357315,31500.366914285714,-0.17076553072930098,63074.01,1
2024-05-08,61193.03,63429.03,60630.0,63074.01,30660.8061,62932.90857142857,63928.885333333325,0.030738468090238436,0.04574099370467517,0.002242092917273705,-0.013372285921706502,29082.793555714285,0.05425931801436812,60799.99,0
2024-05-09,63074.0,63469.13,60187.12,60799.99,36529.34025,62635.47714285714,63601.18233333333,-0.03605304879982246,0.05203427719821154,-0.02930427333810865,-0.04404308584473012,28068.64195857143,0.301428843757968,60825.99,1
2024-05-10,60799.99,61515.0,60487.09,60825.99,13374.56936,62197.47000000001,63295.174333333336,0.0004276316492815213,0.016906417254345,-0.02205041459081873,-0.03901062536505226,26498.052892857144,-0.4952621834487594,61483.99,1
2024-05-11,60825.99,61888.0,60610.0,61483.99,12753.13236,61836.32571428572,63107.42333333334,0.010817744191257717,0.021010755435299944,-0.005697875968790333,-0.025724918679667343,25673.25033142857,-0.5032521322635988,62940.08,1
2024-05-12,61484.0,63450.0,60749.21,62940.08,32733.41839,61804.16714285714,63074.609000000004,0.023682258799037178,0.043926712640687024,0.018379227642001148,-0.0021328550764381634,25395.89303142857,0.28892566800036945,61577.49,0
2024-05-13,62940.09,63118.36,61142.77,61577.49,29088.72041,61699.225714285705,62938.464,-0.02164915874762808,0.03138842032161066,-0.0019730509236766773,-0.021623883290192814,25894.453844285712,0.12335717080278132,66206.5,1
2024-05-14,61577.49,66444.16,61319.47,66206.5,43559.74719,62415.43571428572,63031.34766666666,0.07517373637671822,0.0832234311596657,0.06073921045858497,0.050374178101422355,28385.676294285717,0.5345678834070604,65235.21,0
2024-05-15,66206.51,66752.01,64602.77,65235.21,31106.3671,62724.17857142857,63079.40833333333,-0.014670762739192803,0.03246266870131046,0.04003291052607302,0.03417599694776253,28449.327865714287,0.09339550118116652,67024.0,1
2024-05-16,65235.21,67451.2,65106.38,67024.0,26292.23409,63613.322857142855,63270.962666666666,0.027420621471135005,0.035944086023483326,0.053615767730236956,0.059316899493147175,26986.88412857143,-0.02574028314132017,66915.2,0
2024-05-17,67024.0,67400.01,66600.0,66915.2,14441.25774,64483.21000000001,63385.8,-0.0016232991167343476,0.011936172117450388,0.037715088935553774,0.055681240908847,27139.26818285714,-0.46788330316430565,66274.01,0
2024-05-18,66915.2,67700.0,65857.25,66274.01,18025.30409,65167.49857142857,63467.666666666664,-0.009582127827459267,0.027538586150829707,0.016979498259528887,0.04421689784299613,27892.435572857146,-0.3537565393700903,71446.62,1
2024-05-19,66274.0,71515.56,66060.31,71446.62,50816.7011,66382.71857142857,63684.53433333334,0.0780490086610133,0.08231357696834354,0.07628342944591228,0.12188337008226939,30475.761674285714,0.6674464659197409,70148.34,0
2024-05-20,71446.62,71979.0,69162.94,70148.34,49607.4336,67607.12571428572,63858.10733333333,-0.01817132846872251,0.039414880647957846,0.03758796515701161,0.09850327435844972,33407.006415714284,0.4849410025755918,69166.62,0
2024-05-21,70148.34,70666.0,68842.19,69166.62,27673.18026,68030.0,63936.350666666665,-0.013994914206095272,0.025999332272153522,0.016707628987211457,0.08180431442828877,31137.496854285713,-0.11125867344114687,67969.65,0
2024-05-22,69166.62,70096.12,66312.16,67969.65,40513.17374,68420.63428571427,63988.20566666666,-0.017305602037514647,0.054707892333035676,-0.0065913490926002944,0.062221534294520535,32481.326374285713,0.24727584314638112,68549.99,1
2024-05-23,67969.66,69250.0,66600.12,68549.99,28095.83664,68638.63285714286,64130.219000000005,0.00853807419369174,0.038986218262677855,-0.0012914426388320826,0.06891869494473425,32738.983881428572,-0.14182319336008561,69290.57,1
2024-05-24,68549.99,69610.0,68500.0,69290.57,12130.39418,68977.97142857143,64289.95999999999,0.010803502670095236,0.016192562537208247,0.004531860896377365,0.07778212958913049,32408.860515714285,-0.6257074766908802,68507.67,0
2024-05-25,69290.56,69562.23,68128.01,68507.67,11872.11797,69297.06571428572,64447.882,-0.011298653092138372,0.020698634850115243,-0.011391473883474836,0.06299335019264093,31529.833927142852,-0.6234639866028683,69436.43,1
2024-05-26,68507.67,70687.56,68250.0,69436.43,23136.92737,69009.89571428571,64647.03033333333,0.013557022155329394,0.03558083350375217,0.0061807698924834864,0.0740853778119666,27575.580537142854,-0.16096318121622938,68398.39,0
2024-05-27,69436.43,69591.81,67277.91,68398.39,32622.97042,68759.90285714286,64823.022666666664,-0.014949501292045022,0.03332400585686785,-0.005257611516612411,0.05515582560410073,25149.22865428572,0.2971757849297168,67652.42,0
2024-05-28,68398.4,68935.68,67124.65,67652.42,23159.83149,68543.58857142857,64949.23666666667,-0.010906395471239035,0.02647766614423728,-0.013001486937029754,0.0416199400034005,24504.46454428571,-0.05487298250715176,68352.17,1
2024-05-29,67652.41,69500.0,67128.0,68352.17,28478.2184,68598.23428571428,65205.242333333335,0.010343460048208108,0.03506157430311795,-0.0035870352681297004,0.04826188131591275,22785.18521,0.2498567879756112,67540.01,0
2024-05-30,68352.17,69044.1,66670.0,67540.01,26690.32184,68453.95142857142,65511.077000000005,-0.01188199291990296,0.03473335228420701,-0.013351185862880192,0.030970838717855147,22584.39738142857,0.18180358719457274,67766.85,1
2024-05-31,67540.01,67900.0,67428.44,67766.85,8837.66133,68236.27714285713,65801.28499999999,0.003358601812466582,0.006981935596396828,-0.006879436606342785,0.02987122515920498,22114.006974285712,-0.6003591144618665,67765.63,0
2024-06-01,67766.84,68460.0,67257.47,67765.63,15426.32529,68130.27142857143,65964.07233333333,-1.7855340458428503e-05,0.017745109555056704,-0.005352120590826084,0.02731119536651623,22621.75087714286,-0.3180755382826338,68809.9,1
2024-06-02,67765.62,70288.0,67612.48,68809.9,29633.374,68040.76714285715,66128.00099999999,0.015410174067617162,0.03948196740471059,0.011304000372717558,0.040556178312421774,23549.814681428576,0.25832726927439176,70537.84,1
2024-06-03,68809.89,71063.45,68567.32,70537.84,29619.78489,68346.40285714285,66345.529,0.0251119424838493,0.03627574466402998,0.03206367930493244,0.06318905076482248,23120.788177142855,0.2810888912205006,71108.0,1
2024-06-04,70537.83,71758.0,70383.66,71108.0,28703.18082,68840.05714285714,66610.28933333333,0.008083180330327688,0.019483729510817054,0.03294510422088138,0.06752276129831952,23912.695224285715,0.2003323151481926,70799.06,0
2024-06-05,71108.0,71700.0,70117.64,70799.06,21842.00449,69189.61285714286,66893.18866666667,-0.004344658828823794,0.022252911064859097,0.02326139829948461,0.05838967182139504,22964.664665714285,-0.04888641711326145,69355.6,0
2024-06-06,70799.06,71997.02,68420.0,69355.6,35598.45045,69448.98285714285,67165.27433333333,-0.020388123797123747,0.050523552148856274,-0.0013446252673697911,0.03261098370262501,24237.25446714286,0.46874929659458336,69310.46,0
2024-06-07,69355.6,69582.2,69168.02,69310.46,9773.82967,69669.49857142857,67373.156,-0.0006508486697541282,0.005971832123144965,-0.005153454220148605,0.028754835234377378,24370.992801428572,-0.59895644179801,69648.14,1
2024-06-08,69310.46,69857.14,69130.24,69648.14,9890.56709,69938.42857142857,67668.09433333334,0.0048719919042521575,0.010487594513151321,-0.004150630452499976,0.02926114125385213,23580.170201428573,-0.5805557379140209,69540.0,0
2024-06-09,69648.15,70195.94,69172.29,69540.0,17122.66941,70042.72857142857,67958.56133333333,-0.0015528050637381493,0.014697447096584888,-0.007177455557230223,0.023270631920970068,21792.92668857143,-0.21430151834634456,67314.24,0
2024-06-10,69540.0,69590.01,66051.0,67314.24,41436.01588,69582.21428571429,68152.90299999999,-0.03200690250215696,0.05089171699741148,-0.03259416661277357,-0.012305609344329558,23480.95968714286,0.7646644954928542,68263.99,1
2024-06-11,67314.23,69999.0,66905.0,68263.99,37175.32356,69175.92714285714,68330.36666666667,0.01410934953872323,0.04596353549613507,-0.01318286838387963,-0.0009714080269825865,24691.26579285714,0.5056062282053735,66773.01,0
2024-06-12,68263.98,68449.3,66251.78,66773.01,29079.55571,68600.77714285716,68503.55066666666,-0.021841240431630285,0.032191501286622966,-0.02664353406741943,-0.025262057949190894,25725.20168142857,0.13039174853167393,66043.99,0
2024-06-13,66773.01,67370.24,65078.0,66043.99,28408.18797,68127.69,68498.13366666666,-0.010917884336799997,0.034328840350315276,-0.030585214323280256,-0.03582789099932688,24698.02132714286,0.15022120977682157,66228.25,1
2024-06-14,66043.99,66478.48,65857.1,66228.25,11451.80242,67687.37428571428,68531.235,0.0027899586321176954,0.009408577525373468,-0.021556816187834213,-0.03360489563627447,24937.73172,-0.5407841198798493,66676.87,1
2024-06-15,66228.25,66998.7,66034.5,66676.87,9392.52223,67262.90714285713,68519.664,0.006773846508098815,0.014558741926594725,-0.00871263476038102,-0.02689438173543888,24866.58245428571,-0.6222833496614564,66504.33,0
2024-06-16,66676.86,67298.81,65130.0,66504.33,27386.16851,66829.24,68505.96833333332,-0.002587554362937889,0.032527176594698635,-0.004861794029080736,-0.0292184517937742,26332.79661142857,0.0400022798229589,65175.32,0
2024-06-17,66504.33,66588.23,64060.0,65175.32,42350.10244,66523.68000000001,68469.34533333333,-0.019983811580388856,0.03801602091172102,-0.020268872678120147,-0.04810949071145393,26463.380405714288,0.6003285215540818,64974.37,0
2024-06-18,65175.32,65727.54,64666.0,64974.37,20060.79576,66053.7342857143,68253.60366666668,-0.0030832222994838705,0.01628745359439729,-0.016340700452233625,-0.04804484291674358,24018.447862857145,-0.16477551444851593,64869.99,0
2024-06-19,64974.37,66482.94,64559.15,64869.99,24265.29031,65781.87428571428,68077.65866666667,-0.0016064796011104787,0.029608444068022526,-0.013862242382356579,-0.047117787677931185,23330.695662857142,0.04005858464952454,64143.56,0
2024-06-20,64869.99,65066.66,63379.35,64143.56,25993.56442,65510.38428571429,67910.22333333333,-0.011198244365383752,0.026010640667587664,-0.020864238557250395,-0.05546533568068073,22985.749441428572,0.13085564106734168,64262.01,1
2024-06-21,64143.56,64546.81,63943.82,64262.01,7308.95542,65229.49285714286,67786.63533333332,0.0018466390078755274,0.009400631957440436,-0.0148319849621047,-0.05199587375891081,22393.914155714283,-0.6736186729493663,63210.01,0
2024-06-22,64262.01,64521.0,63178.32,63210.01,8224.45447,64734.22714285715,67608.636,-0.01637048078639308,0.02089383758771318,-0.023545768755274765,-0.06506012042603547,22227.047332857142,-0.6299798913082711,60293.3,0
2024-06-23,63210.01,63369.8,58402.0,60293.3,52161.35414,63846.93714285714,67308.727,-0.04614316624851031,0.07859198250403698,-0.05565869408748449,-0.10422759889664822,25766.359565714287,1.0243975097439808,61806.01,1
2024-06-24,60293.3,62420.0,60257.06,61806.01,31189.24361,63365.607142857145,67085.33833333333,0.02508918901436808,0.03587363770103813,-0.024612675758650056,-0.07869571003877819,24171.95116142857,0.29030724088872883,60864.99,0
2024-06-25,61806.01,62487.81,60712.0,60864.99,22485.66463,62778.55285714286,66799.62366666667,-0.01522538018551924,0.02873199548069836,-0.0304811559052231,-0.08884232187116466,24518.361,-0.08290506734932247,61706.47,1
2024-06-26,60864.98,62389.22,60606.63,61706.47,18344.28631,62326.62142857142,66576.55966666667,0.013825520028101512,0.02928761333693043,-0.009950024794495528,-0.07315021519661082,23672.503285714287,-0.22508041973447404,60427.84,0
2024-06-27,61706.46,62225.31,60063.0,60427.84,24821.19255,61795.80428571429,66335.74033333334,-0.02072100716845534,0.035041874059863386,-0.022136847339820617,-0.0890605924294577,23505.02159,0.055995309553765846,60986.68,1
2024-06-28,60427.84,61224.0,60383.77,60986.68,11509.55904,61327.9,66090.224,0.009248055201046467,0.013904683668984416,-0.0055638624508584375,-0.07722086098543109,24105.107821428574,-0.5225261332468126,62772.01,1
2024-06-29,60986.68,63058.76,60712.21,62772.01,17326.30136,61265.32857142857,65931.29066666667,0.02927409722909989,0.03847643452635892,0.024592725832112566,-0.04791777371141204,25405.371662857146,-0.31800638109415297,62899.99,1
2024-06-30,62772.01,63861.76,62497.2,62899.99,24547.10538,61637.712857142855,65769.062,0.002038806786655325,0.021738351217365906,0.020478974386715337,-0.043623428900354505,21460.478982857145,0.14382840194799407,62135.47,0
2024-07-01,62900.0,63288.83,61806.28,62135.47,18573.11875,61684.778571428564,65581.39,-0.01215468998410173,0.02356995230524647,0.0073063637255267825,-0.05254417449828371,19658.17543142857,-0.055196205019812386,60208.58,0
2024-07-02,62135.46,62285.94,59400.0,60208.58,32160.11127,61591.00571428571,65294.67933333334,-0.031010955740892517,0.04644594246184067,-0.022445253138074075,-0.07789454493479461,21040.23923714286,0.5285050187655163,57050.01,0
2024-07-03,60208.57,60498.19,56771.0,57050.01,54568.77276,60925.79714285715,64845.085,-0.052460305899974004,0.061904642478637216,-0.06361487784508268,-0.12021072992656262,26215.165872857146,1.081572667693849,56628.79,0
2024-07-04,57050.02,57546.0,53485.93,56628.79,81348.24756,60383.07571428572,64362.44466666667,-0.00738352063680251,0.07116684621670596,-0.06217446974794479,-0.12015787633175362,34290.45944571429,1.3723288889955985,58230.13,1
2024-07-05,56628.79,58475.0,56018.0,58230.13,21651.31558,59989.282857142854,63943.48033333333,0.0282778424190239,0.043387824461726975,-0.02932445219143667,-0.08935000571676738,35739.28180857143,-0.3941871664917644,55857.81,0
2024-07-06,58230.13,58449.46,55724.37,55857.81,19118.93918,59001.53999999999,63493.554000000004,-0.040740420809639265,0.04679862469824465,-0.05328216856712547,-0.12026014483297007,35995.372925714284,-0.46885008749716656,56714.62,1
2024-07-07,55857.81,58236.73,54260.16,56714.62,48090.2049,58117.91571428572,63073.69266666666,0.015339126256471654,0.07119093999567831,-0.02414566484428796,-0.10081973003028753,39358.67285714286,0.2218451845302128,58050.0,1
2024-07-08,56714.61,58296.0,56289.45,58050.0,27732.20788,57534.27714285715,62687.088,0.023545784763396933,0.03537977251364336,0.008963749659395455,-0.07397197968423741,40667.11416142857,-0.3180679659265547,57725.85,0
2024-07-09,58050.0,59470.0,57157.79,57725.85,24951.73799,57179.601428571434,62293.283,-0.0055839793281654,0.03983135228251506,0.009553207049037178,-0.07332143659854955,39637.34655,-0.37049928509909297,57339.89,0
2024-07-10,57725.85,59650.0,57050.0,57339.89,29761.05735,57221.01285714286,61960.80466666667,-0.006686086042907971,0.0450404801315182,0.002077508539632611,-0.07457802866709065,36093.38720571429,-0.1754429369464043,57889.1,1
2024-07-11,57339.89,58526.68,56542.47,57889.1,23652.4569,57401.05714285715,61614.975,0.009578148824491975,0.034604356583174456,0.00850233221190039,-0.06047028340107255,27851.131397142857,-0.15075418076457686,59204.02,1
2024-07-12,57889.09,59850.0,57756.63,59204.02,15357.74519,57540.18428571429,61362.67533333333,0.022714642776384988,0.03616173617515844,0.028916065093291546,-0.03517863785447951,26952.049912857143,-0.4301826673794569,60797.91,1
2024-07-13,59204.01,61420.69,59194.01,60797.91,21178.33907,58245.91285714286,61187.806,0.026922162873764824,0.037610290248920646,0.043814183994614585,-0.006372119307562579,27246.249897142854,-0.22270627517731006,64724.14,1
2024-07-14,60797.91,64900.0,60632.3,64724.14,38690.9782,59390.130000000005,61137.669,0.06457837119729931,0.07019484715839733,0.08981307163328307,0.058662213634608766,25903.503225714285,0.49365813044127743,65043.99,1
2024-07-15,64724.06,65388.97,62373.24,65043.99,42530.52915,60389.27142857143,61083.23966666667,0.004942984108228073,0.04659364693747585,0.0770785681184145,0.06484185113538968,28017.549121428572,0.5179960590297141,64087.99,0
2024-07-16,65044.0,66128.63,63854.0,64087.99,29567.52954,61298.148571428566,61002.695,-0.014697896808314403,0.03497063526228406,0.04551265402935503,0.05057637207667626,28676.947914285713,0.031055662840278574,63987.92,0
2024-07-17,64087.99,65133.3,63238.48,63987.92,22568.7225,62247.86714285713,60963.115,-0.0015614470043451153,0.029565913987940638,0.027953614107765215,0.04961696921162904,27649.471507142858,-0.18375573673552195,66660.0,1
2024-07-18,63987.92,67386.0,63300.67,66660.0,35634.72739,63500.852857142854,61019.30266666666,0.041759132036171855,0.06384533205642567,0.049749680527350446,0.09244119625796234,29361.224434285712,0.2136662580184697,67139.96,1
2024-07-19,66660.01,67598.0,66222.46,67139.96,14386.92434,64634.55857142857,61094.96833333333,0.007199968916896528,0.02063516042076792,0.03876256733157204,0.09894418200996982,29222.53574142857,-0.5076770726777223,68165.34,1
2024-07-20,67139.97,68366.66,65777.0,68165.34,21819.11191,65687.04857142858,61229.02766666667,0.015272124786472132,0.038571062811020074,0.03772876818900623,0.11328470494574723,29314.07471857143,-0.25567795949647104,67532.01,0
2024-07-21,68165.35,68474.55,66559.97,67532.01,21451.04303,66088.17285714285,61338.02766666667,-0.009291230808614803,0.028087290683609805,0.021847133616148838,0.1009811134944491,26851.226837142858,-0.20111497474196868,65936.01,0
2024-07-22,67532.0,67750.98,65441.08,65936.01,31406.15316,66215.60428571429,61428.89433333334,-0.023633092459870955,0.034204525262097885,-0.004222483336523981,0.07337126470500298,25262.030267142858,0.24321572050558884,65376.0,0
2024-07-23,65936.0,67102.01,65111.0,65376.0,23082.56277,66399.60571428572,61598.31766666667,-0.008493084202863382,0.03019609924775532,-0.015415840248965376,0.061327686801056686,24335.606442857144,-0.05149013548519686,65799.95,1
2024-07-24,65376.01,66175.49,63456.7,65799.95,35126.42934,66658.46714285715,61731.449,0.006484641690430405,0.04158696745182228,-0.01287934120983074,0.065906455557199,26129.564562857144,0.34431743994432235,67907.99,1
2024-07-25,65799.95,68200.0,65722.63,67907.99,24244.36023,66836.75142857143,61966.21566666666,0.03203710641117521,0.037650028609444164,0.01602768759001419,0.09588731971782466,24502.369254285713,-0.010529962290915462,67896.5,0
2024-07-26,67908.0,69399.99,66650.0,67896.5,31710.21921,66944.82857142857,62172.55,-0.00016934676326795076,0.040495817871237634,0.014215757197077811,0.09206554982866227,26977.125664285715,0.17544840041948198,68249.88,1
2024-07-27,67896.49,68318.43,67066.66,68249.88,10868.69394,66956.9057142857,62433.28466666667,0.00520483459454236,0.01843644642013143,0.019310544176452803,0.09316497384989961,25412.78024,-0.5723138579346563,66784.69,0
2024-07-28,68249.88,70079.99,66428.0,66784.69,36467.29633,66850.14571428571,62626.551666666666,-0.02146802309396005,0.05350910507095404,-0.0009791409365876769,0.06639577340079748,27557.95928285714,0.3232945137808172,66188.0,0
2024-07-29,66784.68,67000.0,65302.67,66188.0,23132.25441,66886.14428571428,62740.418,-0.008934384352818537,0.02541496043703439,-0.010437801328957668,0.05494993673775017,26375.97374714286,-0.12298007907648262,64628.0,0
2024-07-30,66188.0,66849.24,64530.0,64628.0,22625.43905,66779.28714285714,62798.01833333333,-0.023569227050220583,0.03504018855381648,-0.032214886305315174,0.02914075499887722,26310.670358571428,-0.1400660362639092,65354.02,1
2024-07-31,64628.01,65659.78,62302.0,65354.02,35542.26854,66715.58285714286,62905.30333333334,0.011233674067946618,0.051955491125287606,-0.0204084682893104,0.03892703058263598,26370.07595857143,0.3478257929874185,61498.33,0
2024-08-01,65354.02,65596.14,61230.01,61498.33,38820.42937,65799.91714285714,62948.295000000006,-0.05899698289408969,0.06680736701430146,-0.0653737471054566,-0.023034221975353004,28452.37155,0.36440047894707034,60697.99,0
2024-08-02,61498.34,62198.22,59850.0,60697.99,28034.71567,64771.55857142858,63069.89433333334,-0.013014172415060286,0.038183469667636576,-0.0628913162084303,-0.037607552040558184,27927.299615714284,0.003846274282289565,58161.0,0
2024-08-03,60697.99,61117.63,57122.77,58161.0,31616.52003,63330.29,63120.968,-0.04179693594466634,0.06581535895999194,-0.08162429068302073,-0.07857876957780496,30891.274771428572,0.023477349637969897,54018.81,0
2024-08-04,58161.0,58305.59,49000.0,54018.81,162065.59186,61506.59285714286,62980.59066666666,-0.07121937380719043,0.15999707707914232,-0.12173951619356027,-0.14229432547081225,48833.88841857143,2.3187115977921344,56022.01,1
2024-08-05,54018.82,57040.99,53950.0,56022.01,55884.77676,60054.30857142858,62986.064,0.03708318693373906,0.05722061311224492,-0.06714420109645522,-0.11056499736195607,53512.82018285714,0.04432501537085347,55134.16,0
2024-08-06,56022.0,57736.05,54558.62,55134.16,44269.37684,58698.04571428571,62933.382,-0.01584805969083568,0.05671753953803863,-0.06071557699949699,-0.12392821984364347,56604.81129571429,-0.21792201357710808,61685.99,1
2024-08-07,55133.76,62745.14,54730.0,61685.99,48349.52949,58174.04142857143,63054.581666666665,0.11884242975628717,0.14537626310993482,0.060369685261435546,-0.021704872675258155,58434.42000285714,-0.17258476275393925,60837.99,0
2024-08-08,61686.0,61744.37,59535.0,60837.99,30972.48017,58079.707142857136,63158.31966666667,-0.013747203579418377,0.035816392698505374,0.0474913354910414,-0.03673830587819267,57313.28440285714,-0.4595933474638564,60923.51,1
2024-08-09,60837.99,61470.58,60242.0,60923.51,9995.20621,58111.92428571428,63277.77366666667,0.0014057006156844446,0.020194289785050456,0.04838225112736278,-0.03720522278594071,54736.21162285714,-0.8173931678197083,58712.59,0
2024-08-10,60923.51,61858.0,58286.73,58712.59,19189.84512,58190.72285714286,63305.223333333335,-0.03629009556409349,0.05861891411049686,0.008968218939955667,-0.07254746277650505,52960.97235,-0.6376606344539669,59346.64,1
2024-08-11,58712.59,60711.09,57642.21,59346.64,37009.91743,58951.84142857143,63309.977333333336,0.01079921699928419,0.05226953878205676,0.006696967590179903,-0.06260209686169955,35095.87600285715,0.054537502554061645,60587.15,1
2024-08-12,59346.64,61578.1,58392.88,60587.15,27858.95851,59604.00428571428,63302.952000000005,0.02090278404977943,0.05367144626890421,0.01649462525324587,-0.04290166436472036,31092.18768142857,-0.10398847467911644,58683.39,0
2024-08-13,60587.16,61800.0,58433.18,58683.39,28422.76326,60111.037142857145,63101.59366666667,-0.03142200426625054,0.05556986001654475,-0.023750166537041522,-0.07001730716985961,28828.38574142857,-0.014070246078526014,57541.06,0
2024-08-14,58683.39,59849.38,56078.54,57541.06,37686.17622,59518.904285714285,62851.496,-0.01946598517911119,0.06425736481822193,-0.03323052246089498,-0.08449179952693571,27305.049559999996,0.38019072762305606,58874.6,1
2024-08-15,57541.05,59817.76,57098.62,58874.6,27610.84344,59238.42,62677.71633333333,0.023175628529545352,0.04725565487595376,-0.006141622278244418,-0.06067732769821344,26824.815741428574,0.02930225900331071,59491.99,1
2024-08-16,58874.59,59700.0,58785.05,59491.99,7721.72931,59033.91714285714,62527.852,0.010486697232201558,0.015540660240691223,0.007759486060095883,-0.048552155605793096,26500.033327142857,-0.7086143547566425,58427.35,0
2024-08-17,59491.99,60284.99,58408.92,58427.35,13634.85717,58993.16857142857,62253.43033333334,-0.01789551837146479,0.03153483351288131,-0.00959125582046813,-0.06145975109880299,25706.463620000002,-0.4695942090069564,59438.5,1
2024-08-18,58427.35,59617.63,57787.3,59438.5,22809.31251,59006.291428571436,61996.715000000004,0.017306107499313276,0.03132659619168068,0.007324787933025127,-0.04126371856960492,23677.805774285713,-0.03667963461499898,59013.8,0
2024-08-19,59438.5,61400.0,58548.23,59013.8,31477.44548,58781.52714285714,61691.66366666667,-0.007145200501358498,0.04797849878445783,0.0039514600663294345,-0.043407220805970446,24194.732484285712,0.30100407187574196,61156.03,1
2024-08-20,59013.8,61820.93,58783.47,61156.03,27983.6422,59134.76142857142,61479.131,0.03630049242719492,0.05147033405745773,0.03418071744265099,-0.005255458148879859,24132.000904285716,0.15960720832851663,60375.84,0
2024-08-21,61156.03,61400.0,59724.87,60375.84,21241.20588,59539.729999999996,61293.792,-0.012757368324922372,0.0273910847384959,0.014042892031925583,-0.014976263827827862,21782.719427142853,-0.024859776987628365,64037.24,1
2024-08-22,60375.83,64955.0,60342.14,64037.24,38118.07089,60277.25,61249.166666666664,0.06064363835660721,0.07640242792521446,0.06237826045481501,0.04552018394808093,23283.751920000002,0.6371103343210676,64157.01,1
2024-08-23,64037.24,64494.5,63531.0,64157.01,15857.15616,60943.68142857143,61194.402,0.001870317958737823,0.01504593264794048,0.052726197303894926,0.04841305582167467,24445.955755714287,-0.3513382614916432,64220.0,1
2024-08-24,64157.02,65000.0,63773.27,64220.0,12305.47977,61771.20285714285,61071.469000000005,0.0009816540730851152,0.019120744697930223,0.039643021822327734,0.051554859438537416,24256.04469857143,-0.4926839918494734,62834.0,0
2024-08-25,64219.99,64481.0,62800.0,62834.0,19470.05276,62256.27428571428,60902.719000000005,-0.021581909308923872,0.02617565029206638,0.009279799038958685,0.031710915895232776,23779.007591428566,-0.18120835425368143,59415.0,0
2024-08-26,62834.0,63212.0,58034.01,59415.0,35135.94178,62313.58857142857,60608.223,-0.05441321577489894,0.08240745456281627,-0.04651615543062467,-0.019687477060662185,24301.649919999996,0.44582536147405777,59034.9,0
2024-08-27,59415.0,60234.98,57860.0,59034.9,36868.54275,62010.57,60349.89666666666,-0.006397374400403914,0.03997273415804095,-0.04798649649567805,-0.021789542970219813,25570.921427142857,0.44181518272802706,59359.01,1
2024-08-28,59034.9,61166.99,58713.09,59359.01,27020.90743,61865.30857142858,60122.263666666666,0.005490142271774841,0.0415669375233972,-0.04051218088623688,-0.012695025438468833,26396.593077142858,0.023651323147370236,59123.99,0
2024-08-29,59359.0,59944.07,57701.1,59123.99,28519.32195,61163.41571428572,59938.79666666666,-0.003959130039252717,0.0377865193146785,-0.03334388196716395,-0.013593977723610129,25025.34322857143,0.13961761441255666,58973.99,0
2024-08-30,59123.99,59462.38,58744.0,58973.99,8798.409,60422.98428571429,59726.12899999999,-0.0025370412247211326,0.012150397833434405,-0.023980846077754425,-0.012593131558885988,24016.950777142858,-0.6336583656417566,57301.86,0
2024-08-31,58974.0,59076.59,57201.0,57301.86,20705.15741,59434.67857142857,59586.246666666666,-0.0283538508495269,0.031803676196289835,-0.03588508632826796,-0.038337482128146555,25216.90472571429,-0.17891756997097072,59132.13,1
2024-09-01,57301.77,59425.69,57128.0,59132.13,22895.01461,58905.840000000004,59534.05133333333,0.031942468792848816,0.04009806328844646,0.003841554589493904,-0.006751116786642986,25706.18499,-0.10935774332494613,57487.73,0
2024-09-02,59132.12,59809.65,57415.0,57487.73,22828.18447,58630.51571428571,59511.60899999999,-0.02780874421549573,0.04049660319975001,-0.019491312678446435,-0.03400813780719635,23947.933945714285,-0.046757665118525804,57970.9,1
2024-09-03,57487.74,58519.0,55606.0,57970.9,35560.82146,58478.51571428571,59643.34533333334,0.008404574610169116,0.05067167364728549,-0.008680379590443443,-0.028040770080658844,23761.11661857143,0.49659723618401214,56180.0,0
2024-09-04,57970.9,58327.07,55643.65,56180.0,27806.91413,58024.37142857142,59648.61166666667,-0.0308930860138449,0.04628908642094565,-0.03178615094248565,-0.05815075271240604,23873.40329,0.16476539989787115,53962.97,0
2024-09-05,56180.0,57008.0,52550.0,53962.97,54447.76826,57287.08285714285,59609.572,-0.03946297614809539,0.07935208259166963,-0.05802552148504768,-0.09472643084905892,27577.467048571427,0.9743571142376004,54160.86,1
2024-09-06,53962.97,54850.0,53745.54,54160.86,16694.04774,56599.49285714286,59358.734333333334,0.003667144339905669,0.0204669980173441,-0.043085772222340765,-0.08756713551445164,28705.41544,-0.41843559885437415,54869.95,1
2024-09-07,54160.86,55318.0,53629.01,54869.95,16274.14779,56252.07714285714,59159.799666666666,0.013092295801802196,0.03118469684565566,-0.0245702419014165,-0.07251291740062747,28072.414065714285,-0.4202797183062313,57042.0,1
2024-09-08,54869.95,58088.0,54591.96,57042.0,32384.51737,55953.48714285714,59030.416,0.03958541970605045,0.06371502069894361,0.019453887732925938,-0.03368460083357701,29428.05731714286,0.10046398989222108,57635.99,1
2024-09-09,57042.01,58044.36,56386.4,57635.99,23626.78126,55974.66714285715,58994.52933333334,0.010413027170676417,0.029065595689913435,0.0296799059635828,-0.023028225645419866,29542.142572857145,-0.20023467486383625,57338.0,0
2024-09-10,57635.99,57981.71,55545.19,57338.0,33026.56757,55884.25285714286,58927.57466666667,-0.005170207018218963,0.04227428035850511,0.026013538135212375,-0.02697505668031228,29180.106302857144,0.13181793195750738,58132.32,1
2024-09-11,57338.0,58588.0,57324.0,58132.32,31074.40631,56163.15571428571,58845.746999999996,0.013853291011196757,0.0220447172904531,0.03506149646810905,-0.012123679898226054,29646.8909,0.04815059409821622,60498.0,1
2024-09-12,58132.31,60625.0,57632.62,60498.0,29825.23333,57096.73142857143,58906.23399999999,0.0406949250769495,0.05147533273664848,0.059570285134160246,0.027022029620837936,26129.385910000005,0.14144409794895152,59993.03,0
2024-09-13,60497.99,60610.45,59400.0,59993.03,12137.90901,57929.898571428566,58987.96633333333,-0.008346723585362079,0.020008102748537548,0.03561427655578502,0.01703845257161748,25478.50894857143,-0.5236020665691048,59132.0,0
2024-09-14,59993.02,60395.8,58691.05,59132.0,13757.92361,58538.76285714286,58996.54633333333,-0.014352002949676427,0.028415805705397063,0.010134090881026467,0.0022959592566884914,25119.04835142857,-0.4522912087464667,58213.99,0
2024-09-15,59132.0,59210.7,57493.3,58213.99,26477.5642,58706.19,58953.94633333333,-0.015524758168166172,0.029043495907461175,-0.008384124399829121,-0.012551430045912878,24275.19789857143,0.09072495765557394,60313.99,1
2024-09-16,58213.99,61320.0,57610.01,60313.99,33116.25878,59088.76142857142,59016.834333333325,0.03607380287796799,0.06373021330439639,0.020735390991562328,0.02197941792913189,25630.83754428571,0.2920474690997029,61759.99,1
2024-09-17,60313.99,61786.24,59174.8,61759.99,36087.02469,59720.47428571428,59094.21733333333,0.023974537250810304,0.043297417398517245,0.03415103008941764,0.04511055035435737,26068.045704285712,0.3843394744419647,62947.99,1
2024-09-18,61759.98,63850.0,61555.0,62947.99,34332.52608,60408.427142857145,59225.356999999996,0.019235919441683673,0.03715998612693851,0.04203987717040135,0.0628553914837525,26533.491385714286,0.29393171750042446,63201.05,1
2024-09-19,62948.0,64133.32,62350.0,63201.05,25466.37794,60794.577142857146,59293.524333333335,0.004019984749316943,0.02833005020016521,0.03958367621322615,0.06590138991738015,25910.797758571425,-0.017151915688292937,63348.96,1
2024-09-20,63201.05,63559.9,62758.0,63348.96,8375.34608,61273.99571428571,59392.62833333333,0.0023403092195461344,0.012688080340437405,0.03386370125737569,0.06661317705056392,25373.28876857143,-0.6699148401142976,63578.76,1
2024-09-21,63348.97,64000.0,62357.93,63578.76,14242.19892,61909.24714285714,59377.34566666666,0.003627367579930674,0.025921021288901773,0.026967099976041096,0.07075786709832564,25442.470955714285,-0.44021950757887157,63339.99,0
2024-09-22,63578.76,64745.88,62538.75,63339.99,24078.05287,62641.532857142854,59350.111666666664,-0.003755499478127665,0.034714895351843876,0.011150064677536067,0.06722613018391682,25099.68362285714,-0.04070293347947975,64262.7,1
2024-09-23,63339.99,64688.0,62700.0,64262.7,23185.04759,63205.63428571429,59351.535,0.014567574134444908,0.03138617483204528,0.016724232360478448,0.08274705953266404,23680.939167142857,-0.020940536760083592,63152.01,0
2024-09-24,64262.7,64817.99,62947.08,63152.01,17813.11168,63404.49428571429,59362.13533333333,-0.017283587524333635,0.029113467065653893,-0.0039821196992209755,0.06384330087496971,21070.380165714283,-0.15458992481846662,65173.99,1
2024-09-25,63152.01,65839.0,62670.0,65173.99,28373.30593,63722.49428571429,59554.10166666667,0.032017666579416806,0.0501805089022503,0.022778388237246306,0.09436610033660982,20219.063001428574,0.4032947979832343,65769.95,1
2024-09-26,65173.99,66498.0,64819.9,65769.95,22048.80487,64089.479999999996,59778.60333333334,0.009144138635673512,0.025748001618437027,0.026220683956243697,0.10022560469099824,19730.838277142855,0.1174793772215136,65858.0,1
2024-09-27,65769.95,66260.0,65422.23,65858.0,9127.23316,64447.91428571429,59995.236333333334,0.00133875728961331,0.01273788409448383,0.021879462352100924,0.09772048624149375,19838.25071714286,-0.5399174407997138,65602.01,0
2024-09-28,65858.0,66076.12,65432.0,65602.01,8337.74111,64736.950000000004,60211.170333333335,-0.0038869993015276084,0.009780436697136193,0.01336269317599903,0.08953221863688393,18994.756744285714,-0.5610503876282446,63327.59,0
2024-09-29,65602.01,65618.8,62856.3,63327.59,30011.08752,64735.17857142857,60356.29033333333,-0.03466997428889753,0.042109990227433586,-0.0217437968426309,0.04922932887785001,19842.333122857144,0.5124777582445221,60805.78,0
2024-09-30,63327.6,64130.63,60164.0,60805.78,43671.48108,64241.33285714285,60473.087666666666,-0.03982181544855639,0.06263667026699254,-0.05347885394567837,0.0055014940723245994,22768.96647857143,0.9180264998457687,60649.28,0
2024-10-01,60804.92,62390.31,60000.0,60649.28,31534.70118,63883.799999999996,60523.65933333334,-0.002559661290566609,0.039311128112659265,-0.05063130245852621,0.002075562979013014,24729.19355,0.27520135730427003,60752.71,1
2024-10-02,60649.27,61477.19,59828.11,60752.71,26221.43472,63252.188571428575,60632.492,0.0017055440238605071,0.027190434443811144,-0.039516080437374874,0.0019827322947570877,24421.783377142856,0.07369041462146035,62086.0,1
2024-10-03,60752.72,62484.85,60459.9,62086.0,21294.65994,62725.909999999996,60769.662,0.021946013281380634,0.033331017936316217,-0.010201685396034848,0.021661104516263453,24314.04838714286,-0.12418287563906857,62058.0,0
2024-10-04,62086.0,62370.56,61689.26,62058.0,7807.46141,62183.05285714286,60965.59533333333,-0.0004509873401410946,0.010973488387075922,-0.002011044028831305,0.017918379385846655,24125.509565714285,-0.6763814920164218,62819.91,1
2024-10-05,62058.01,62975.0,61798.97,62819.91,8906.86177,61785.60999999999,61260.82666666667,0.012277222553543072,0.018950494867624644,0.01674014386197709,0.025449923191808093,24206.81251714286,-0.6320514415645467,62224.0,0
2024-10-06,62819.91,64478.19,62128.0,62224.0,25966.1852,61627.95428571429,61529.598,-0.009486005312646954,0.037411546753250716,0.009671677750690468,0.011285658001536136,23628.969328571427,0.09891315355014163,62160.49,0
2024-10-07,62224.01,63200.0,61860.31,62160.49,19702.22371,61821.48428571429,61772.616,-0.0010208278122866732,0.021530113536559318,0.005483623018803008,0.006279060611582261,20204.789704285715,-0.024873606785380958,60636.02,0
2024-10-08,62160.5,62543.75,60301.0,60636.02,20011.15684,61819.590000000004,61892.416666666664,-0.02452489925274094,0.03607998648659518,-0.01914554916976976,-0.020299686687518276,18558.56908428571,0.07827046089152709,60326.39,0
2024-10-09,60636.01,61321.68,58946.0,60326.39,23967.92481,61758.68714285714,61982.096666666665,-0.005106206691370402,0.039179358932093324,-0.02319183274644458,-0.026712659876139477,18236.63909714286,0.3142731334610369,62540.0,1
2024-10-10,60326.4,63417.56,60087.64,62540.0,23641.35209,61823.544285714284,62155.496666666666,0.03669371949925735,0.055198387438998485,0.011588719517189972,0.006186151731606049,18571.880832857143,0.2729648818429855,63206.22,1
2024-10-11,62539.99,63480.0,62487.23,63206.22,10911.30116,61987.57571428571,62324.62666666667,0.010652863871580459,0.015874163075497723,0.01965949259463361,0.01414518434339594,19015.28651142857,-0.4261826581765103,62870.02,0
2024-10-12,63206.23,63285.72,62050.0,62870.02,11909.21995,61994.73428571429,62403.694,-0.0053192541304869214,0.019550604426177627,0.014118710635193512,0.0074727307008459086,19444.194822857145,-0.3875179682935284,66083.99,1
2024-10-13,62870.02,66500.0,62457.81,66083.99,37669.95222,62546.16142857143,62606.726,0.051120868102157574,0.06429439659793336,0.0565634803259481,0.05554138064974046,21116.16154,0.7839393844682625,67074.14,1
2024-10-14,66084.0,67950.0,64800.01,67074.14,43683.95423,63248.111428571436,62871.46400000001,0.014983051873373274,0.0476664548150838,0.06049237653126524,0.06684552470418045,24542.12304285714,0.779958243780136,67620.01,1
2024-10-15,67074.14,68424.0,66750.49,67620.01,29938.25544,64245.82428571429,63184.998,0.008138307848598512,0.024950152174891764,0.052519922528817,0.07019090196062039,25960.279985714285,0.15323314912145633,67421.78,0
2024-10-16,67620.0,67939.4,66666.0,67421.78,25328.22861,65259.451428571425,63421.924333333336,-0.002931381248151452,0.018831706595681664,0.0331343357030102,0.06306739678292,26154.6091,-0.03159597938705202,68428.0,1
2024-10-17,67421.78,69000.0,67192.36,68428.0,28725.635,66100.59428571428,63644.191333333336,0.014924257413553917,0.026810920744008825,0.03521005732907187,0.0751648904078567,26880.93523,0.0686248359373023,68378.0,0
2024-10-18,68427.99,68693.26,68010.0,68378.0,8193.66737,66839.42,63825.191666666666,-0.0007305490048736669,0.009985095280454602,0.023019050733833445,0.07133246629498308,26492.70183142857,-0.6907198283460932,69031.99,1
2024-10-19,68377.99,69400.0,68100.0,69031.99,12442.47378,67719.70142857142,64019.556333333334,0.009564481202211412,0.019011965692469168,0.019378239179225272,0.07829535151053252,26568.88095,-0.5316899570058858,67377.5,0
2024-10-20,69032.0,69519.52,66840.67,67377.5,31374.42184,67904.48857142856,64153.841,-0.023967145671572605,0.03880591609688269,-0.0077607325011250896,0.05024888533174498,25669.519467142854,0.22224422160139987,67426.0,1
2024-10-21,67377.5,67836.01,66571.42,67426.0,24598.96268,67954.75428571428,64282.08233333333,0.0007198248673518608,0.018768728433082207,-0.007780975610494412,0.04890814909143658,22943.09210285714,0.07217294729582911,66668.65,0
2024-10-22,67426.01,67472.83,65260.0,66668.65,25530.2407,67818.84571428572,64393.03766666667,-0.011232460589021961,0.03281864075895937,-0.016959824399421248,0.035339415809409844,22313.375711428573,0.14416756254965923,68198.28,1
2024-10-23,66668.65,68850.0,66510.0,68198.28,22589.83877,67929.77428571429,64524.223666666665,0.02294376742291924,0.03509895580606477,0.003952695516937384,0.05694072899371214,21922.177162857144,0.030455989940363987,66698.33,0
2024-10-24,68198.27,68771.49,65596.29,66698.33,34479.71125,67682.67857142857,64642.43433333332,-0.021993813039539012,0.046558365776727346,-0.01454358178791249,0.031804118886756425,22744.188055714283,0.5159789905684177,67092.76,1
2024-10-25,66698.32,67454.55,66439.9,67092.76,11842.9077,67499.07285714286,64706.393333333326,0.0059137921314957815,0.015212527092136783,-0.00601953241643483,0.03687992088159453,23265.50810285714,-0.4909671584371879,68021.7,1
2024-10-26,67092.76,68332.05,66913.73,68021.7,8653.19592,67354.74571428572,64781.45166666666,0.013845607186229967,0.021139687799399027,0.009902112741149015,0.05001814948522693,22724.18269428571,-0.6192076064334777,69962.21,1
2024-10-27,68021.69,70270.0,67618.0,69962.21,29046.75459,67723.99,64918.25866666667,0.02852795924358839,0.038987564113740776,0.03304914550958975,0.07769695979111708,22391.65880142857,0.29721316529469627,72736.42,1
2024-10-28,69962.21,73620.12,69760.0,72736.42,50128.60594,68482.62142857142,65156.07233333333,0.03965297837218109,0.05517435769967809,0.06211500790555107,0.11634138454335012,26038.750695714287,0.9251540339164835,72344.74,0
2024-10-29,72736.41,72961.0,71436.0,72344.74,26885.99056,69293.49142857143,65456.644,-0.005384785968952801,0.02096611586961743,0.044033696506313814,0.10523142616355347,26232.429247142856,0.024914250475995308,70292.01,0
2024-10-30,72344.75,72700.0,69685.76,70292.01,29352.10297,69592.59571428572,65772.85166666667,-0.02837441555883468,0.04166494458823902,0.01005012499585066,0.0687085662065586,27198.466989999997,0.0791822561467095,69496.01,0
2024-10-31,70292.01,71632.95,68820.14,69496.01,38301.86755,69992.26428571428,66067.74266666667,-0.011324188908526019,0.04001607010526514,-0.0070901304705407436,0.051890184149775635,27744.489318571428,0.38052162756377517,69374.74,0
2024-11-01,69496.0,69914.37,69000.14,69374.74,10521.67243,70318.26142857142,66355.14366666667,-0.001744848624381184,0.013155145619891733,-0.013417871963882907,0.04550659024268259,27555.74142285714,-0.618167688956741,68775.99,0
2024-11-02,69374.74,69391.0,67478.73,68775.99,24995.70243,70426.01714285715,66578.14333333334,-0.008630662976178361,0.027564355556503765,-0.023429227007259416,0.03301153436590774,29890.38521,-0.16375442288921907,67850.01,0
2024-11-03,68775.99,69500.0,66835.0,67850.01,29800.39187,70124.27428571429,66771.21033333334,-0.013463710227944526,0.0387489878371798,-0.032431911900407444,0.01615665885463369,29998.047678571427,-0.006588955744363981,69372.01,1
2024-11-04,67850.01,70577.91,67476.63,69372.01,33355.06888,69643.64428571428,66989.61366666666,0.022431831623901013,0.045707878303923595,-0.0039003456596829376,0.03556366730502274,27601.828098571426,0.20843694703418358,75571.99,1
2024-11-05,69372.01,76400.0,69298.0,75571.99,104126.994787,70104.68000000001,67434.54666666666,0.08937293297397626,0.10237558346658833,0.0779878033820281,0.12067172889227318,38636.25727385714,1.6950590490413924,75857.89,1
2024-11-06,75571.99,76849.99,74416.0,75857.89,44869.422345,70899.80571428571,67891.12666666666,0.003783147697976382,0.03220756790975075,0.06993085856531865,0.11734616472707435,40853.01718457143,0.09831355031337582,76509.78,1
2024-11-07,75857.89,77199.99,75555.0,76509.78,36521.099583,71901.77285714286,68420.252,0.008593568843003666,0.021685153647168477,0.06408753163864958,0.11823294658429505,40598.62176071428,-0.10043499017643846,76677.46,1
2024-11-08,76509.78,76900.0,75714.66,76677.46,16942.07915,72945.01857142858,68965.28766666666,0.002191615241868524,0.015492659892630675,0.051167872757706984,0.11182687108634963,41515.822720714285,-0.5919127205072401,80370.01,1
2024-11-09,76677.46,81500.0,76492.0,80370.01,61830.100435,74601.30714285714,69559.62133333333,0.04815691599591312,0.0653125442600733,0.07732710160287304,0.1554118389296963,46777.87957857143,0.32178074320675,88647.99,1
2024-11-10,80370.01,89530.54,80216.01,88647.99,82323.665776,77572.44714285714,70407.68033333334,0.102998369665501,0.11589559339360539,0.14277676243404033,0.25906704467908875,54281.204422285715,0.5166145750111829,87952.01,0
2024-11-11,88648.0,89940.0,85072.0,87952.01,97299.887911,80226.73285714285,71243.74666666666,-0.007851164154859728,0.054913816442559334,0.09629305429417516,0.23452252464356643,63416.17856957142,0.5343070192136551,90375.2,1
2024-11-12,87952.0,93265.64,86127.99,90375.2,86763.854127,82341.47714285715,72053.45366666667,0.02755139166818261,0.08115392486810981,0.0975659307544951,0.2542799186017273,60935.72990385715,0.4238584532243038,87325.59,0
2024-11-13,90375.21,91790.0,86668.21,87325.59,56729.51086,83979.72,72728.50200000001,-0.03374398798077492,0.056672510083240674,0.03984140456767414,0.2007065675572417,62630.028263142856,-0.094212274315949,91032.07,1
2024-11-14,87325.59,91850.0,87073.38,91032.07,47927.95068,86054.33285714286,73508.90400000001,0.042444373980181645,0.054698971973736396,0.057844119843687536,0.23838154354743196,64259.57841985714,-0.2541508696672437,90586.92,0
2024-11-15,91032.08,91779.66,90056.17,90586.92,22717.87689,88041.39857142858,74281.07533333333,-0.004890144221685404,0.018932776225699832,0.02891277819157108,0.2195154633060285,65084.69238271429,-0.6509490010890242,89855.99,0
2024-11-16,90587.98,91449.99,88722.0,89855.99,23867.55609,89396.53857142858,74995.34166666666,-0.008080431863035148,0.030114260192135926,0.005139476717035519,0.19815428536061314,59661.471762,-0.5999502629567732,90464.08,1
2024-11-17,89855.98,92594.0,89376.9,90464.08,46545.03448,89655.98,75731.54433333334,0.0067674961644178366,0.03580284806865393,0.009013341887512755,0.19453631635743784,54550.23871971429,-0.1467492063755393,92310.79,1
2024-11-18,90464.07,93905.51,90357.0,92310.79,43660.04682,90278.66285714286,76507.50433333333,0.020413850493350413,0.03922562847327115,0.02250949536185285,0.2065586350564225,46887.40427814286,-0.06883207777930517,94286.56,1
2024-11-19,92310.8,94831.97,91500.0,94286.56,42203.198712,90837.42857142857,77404.473,0.021403346087348334,0.03609512646407572,0.03797037722021449,0.21810221484228695,40521.596361714284,0.04149891665853839,98317.12,1
2024-11-20,94286.56,98988.0,94040.0,98317.12,69228.360477,92407.64714285715,78434.177,0.04274798019993515,0.05247831716418544,0.06395004136407803,0.25349845896897727,42307.146307,0.6363278197647119,98892.0,1
2024-11-21,98317.12,99588.01,97122.11,98892.0,46189.309243,93530.49428571427,79508.28866666667,0.005847201382628018,0.02508108455577212,0.057323611462028114,0.24379485030294482,42058.768958857145,0.09820877753658097,97672.4,0
2024-11-22,98892.0,98908.85,97136.0,97672.4,24757.84367,94542.70571428571,80490.75933333332,-0.012332645714516905,0.01792713262953531,0.03310349817121194,0.21346103340276612,42350.19278457143,-0.415401866151138,97900.04,1
2024-11-23,97672.4,98564.0,95734.77,97900.04,31200.97838,95691.85571428572,81530.81633333332,0.0023306481667287734,0.028966524831989346,0.023075989792772086,0.20077345478477965,43397.82454028572,-0.28104740939176626,93010.01,0
2024-11-24,97900.05,98871.8,92600.19,93010.01,50847.45096,96055.56000000001,82394.72466666668,-0.0499493105468282,0.06406135645487414,-0.031706129244366665,0.12883452643695528,44012.455466,0.15529684544140226,91965.16,0
2024-11-25,93010.01,94973.37,90791.1,91965.16,57858.73138,96006.18428571429,83192.84,-0.011233737099909906,0.04496580529343013,-0.04209129147022658,0.10544561286764591,46040.83897457143,0.25668282048369373,95863.11,1
2024-11-26,91965.16,97208.21,91792.14,95863.11,41153.42734,96231.4057142857,84056.20333333334,0.042385072781909984,0.058892628469303016,-0.0038271883440961813,0.14046442973215414,45890.87163571429,-0.1032328244562564,95643.98,0
2024-11-27,95863.11,96564.0,94640.0,95643.98,28814.54357,95849.52857142857,84819.78866666667,-0.002285863665387078,0.020070285639595876,-0.0021444922525142842,0.1276139861167459,40117.46922042857,-0.2817457299792207,97460.0,1
2024-11-28,95643.99,98619.99,95364.99,97460.0,27701.78231,95644.95714285714,85656.96399999999,0.018987183617078237,0.034032457240648364,0.018976879820562637,0.13779423702198934,37476.393944285715,-0.2608204953981737,96407.99,0
2024-11-29,97460.0,97463.95,96092.01,96407.99,14503.83306,95464.32714285715,86527.49666666666,-0.010794274574184227,0.014076954648060767,0.009884978875205596,0.11418905797536669,36011.535285714286,-0.5972448010081468,97185.18,1
2024-11-30,96407.99,97836.0,95693.88,97185.18,16938.60452,95362.20428571428,87450.46900000001,0.008061468764155208,0.02221932020364697,0.01911633364539166,0.11131685297193752,33974.05330571428,-0.5014252680544595,95840.62,0
2024-12-01,97185.17,98130.0,94395.0,95840.62,37958.66981,95766.57714285713,88332.66500000001,-0.013834929753171219,0.038431789541552484,0.0007731596904879708,0.0849963600667996,32132.798855714285,0.18130605368195865,95849.69,1
2024-12-02,95840.61,96305.52,93578.17,95849.69,35827.32283,96321.51,89235.12166666666,9.474063238956582e-05,0.028457143584541104,-0.004898386663581089,0.07412516742053352,28985.454777142855,0.2360448751093067,98587.32,1
2024-12-03,95849.69,99000.0,94587.83,98587.32,43850.53728,96710.68285714285,90259.69866666666,0.028561699051921866,0.04603217809050815,0.019404651972411896,0.09226289757611138,29370.756197142855,0.4929999413588716,96945.63,0
2024-12-04,98587.32,104088.0,90500.0,96945.63,109921.729662,96896.63285714285,91178.81933333333,-0.016652141472148774,0.13782705524402122,0.0005056640402499499,0.06324726190612592,40957.49706742858,1.6837999763763685,99740.84,1
2024-12-05,96945.63,101898.99,95981.72,99740.84,45049.5331,97222.46714285715,91984.44766666667,0.028832759145512712,0.061036995685107245,0.025903198418554776,0.0843228668550682,43435.74718028571,0.03715340530499134,99831.99,1
2024-12-06,99740.84,100439.18,98844.0,99831.99,14931.9459,97711.61,92783.58433333333,0.0009138683812970568,0.015993248101780506,0.021700389544292684,0.07596608513575683,43496.90615742857,-0.6567124602849516,101109.59,1
2024-12-07,99831.99,101351.0,98657.7,101109.59,14612.99688,98272.24,93603.578,0.012797501081567053,0.026978326285993125,0.028872344824947424,0.08018937053880572,43164.676494571424,-0.6614593675493481,97276.47,0
2024-12-08,101109.6,101215.93,94150.05,97276.47,53949.11595,98477.36142857143,94290.21166666667,-0.03791064349972707,0.06988337408119495,-0.012194593875694666,0.031670926181503405,45449.02594314285,0.18702469041890668,96593.0,0
2024-12-09,97276.48,98270.0,94256.54,96593.0,51708.68933,98583.54857142856,94830.97799999999,-0.00702615884127382,0.04125827743767051,-0.020191488339317706,0.018580658316104386,47717.792586,0.08363540154979619,101125.0,1
2024-12-10,96593.0,101888.0,95658.24,101125.0,37753.78291,98946.07428571429,95246.87833333334,0.046918513763937346,0.06449494269771096,0.022021345768543543,0.06171458602659007,46846.827676,-0.19410161193600817,100004.29,0
2024-12-11,101125.0,102540.0,99311.64,100004.29,29232.08745,99383.02571428572,95648.621,-0.011082422744128618,0.03192444993819531,0.00625121122293397,0.0455382310216474,35319.73593142857,-0.17235826715260344,101424.25,1
2024-12-12,100004.29,101895.26,99205.0,101424.25,21904.03923,99623.51285714285,96016.92266666667,0.01419899086329203,0.026901445927969638,0.01807542307245633,0.0563163990592103,32013.236807142857,-0.3157818010732134,101420.0,0
2024-12-13,101424.24,102650.0,100609.41,101420.0,14191.70326,99850.37142857142,96486.73633333333,-4.180460213461041e-05,0.02011935213909413,0.01571980703698654,0.05112893081618689,31907.487858571432,-0.5552234220724578,104463.99,1
2024-12-14,101420.0,105250.0,101237.14,104463.99,22228.921775,100329.57142857143,96934.46699999999,0.03001370538355359,0.039566752119897464,0.0412083746851448,0.07767642648718558,32995.47712928571,-0.326303975302411,106058.66,1
2024-12-15,104463.99,107793.07,103333.0,106058.66,41302.40274,101584.17000000001,97450.19166666667,0.015265260306446251,0.04269480803863615,0.04404711875875927,0.08833711033405703,31188.803813571427,0.32427017678785625,106133.74,1
2024-12-16,106058.65,108353.0,105321.49,106133.74,29064.936466,102947.13285714286,97992.78333333334,0.0007080044861971283,0.028583335729806054,0.03095382119363265,0.08307710414729517,27953.981975857143,0.03974226251924853,100204.01,0
2024-12-17,106133.74,106524.98,100000.0,100204.01,50307.99755,102815.56285714287,98317.44766666666,-0.05587035753192161,0.06147884734863763,-0.025400365319902946,0.01918847954362582,29747.441210142853,0.6911705848786317,97461.86,0
2024-12-18,100204.01,102800.11,95700.0,97461.86,55147.398,102452.35857142857,98489.15,-0.027365671293993067,0.0708565455614002,-0.048710431277668005,-0.010430489043716934,33449.62843157143,0.6486699729061604,97805.44,1
2024-12-19,97461.86,98233.0,92232.54,97805.44,62884.1357,101935.3857142857,98606.44600000001,0.003525276451732008,0.06156726333767903,-0.04051532924848598,-0.00812326204313264,39303.92792728572,0.5999453239467281,97291.99,0
2024-12-20,97805.44,99540.61,96398.39,97291.99,23483.54143,101345.67,98572.275,-0.005249707991702681,0.032127251817485825,-0.03999855149213571,-0.012988287020868586,40631.33338014286,-0.42203369969943544,95186.27,0
2024-12-21,97292.0,97448.08,94250.35,95186.27,19353.83036,100020.28142857143,98448.75066666667,-0.021643403363071946,0.032867347777823415,-0.04833031220796542,-0.033138873216512016,40220.60603514285,-0.5188080870017339,94881.47,0
2024-12-22,95186.28,96538.92,92520.0,94881.47,32810.76703,98423.54000000001,98355.71966666667,-0.0032022472146195614,0.04222163110061659,-0.03598803700821985,-0.03532331092122661,39007.51521942858,-0.15886036715156218,98663.58,1
2024-12-23,94881.47,99487.99,93569.02,98663.58,23674.22488,97356.37428571428,98381.171,0.03986141867321407,0.0623827813797573,0.013427017222821306,0.0028705594488197305,38237.41356428572,-0.3808622845214599,99429.6,1
2024-12-24,98663.58,99569.15,97632.02,99429.6,14474.1651,97245.74428571427,98595.15733333332,0.007763959102234118,0.019633688540391398,0.02245708262429894,0.008463323039747039,33118.294642857145,-0.5629556033579844,95791.6,0
2024-12-25,99429.61,99963.7,95199.14,95791.6,21192.36727,97007.1357142857,98722.70533333333,-0.03658879884975909,0.047918924754909505,-0.012530374238301424,-0.02969028576999145,28267.575967142857,-0.250294142849985,94299.03,0
2024-12-26,95791.6,97544.58,93500.01,94299.03,26501.26429,96506.22,98670.56933333333,-0.015581428851799186,0.042222595718205004,-0.02287096106344236,-0.04430438947367583,23070.022908571435,0.14873159836151362,95300.0,1
2024-12-27,94299.03,95733.99,94135.66,95300.0,8385.8929,96221.65000000001,98659.10333333332,0.010614849378620344,0.016949591103959414,-0.009578405691442712,-0.03404757614696868,20913.215975714287,-0.5990146656670015,93738.2,0
2024-12-28,95300.0,95340.0,93009.52,93738.2,13576.00578,96014.78285714287,98535.04333333332,-0.016388247639034657,0.024454144805876137,-0.023710753588123218,-0.048681597643450814,20087.81246428572,-0.3241670388880378,92792.05,0
2024-12-29,93738.19,95024.5,91530.45,92792.05,27619.4225,95716.29428571428,98414.51200000002,-0.010093431503211224,0.037274562267524076,-0.030551164851674785,-0.05713041588825856,19346.19181714286,0.4276413033145959,93576.0,1
2024-12-30,92792.05,96250.0,92033.73,93576.0,19612.03389,94989.49714285714,98294.20599999999,0.00844846083258207,0.045437836538798355,-0.014880562434511573,-0.04800085571676515,18765.87881857143,0.04509008502128779,94591.79,1
2024-12-31,93576.0,95151.15,92888.0,94591.79,10373.32613,94298.38142857143,98252.57833333332,0.010855240659998221,0.024185154313071666,0.0031114910667985373,-0.03725895437485294,18180.04468,-0.42941140615502604,96984.79,1
2025-01-01,94591.78,97839.5,94392.0,96984.79,21970.48948,94468.83714285716,98290.415,0.025298287018174253,0.036446084427209216,0.026632622283030514,-0.0132833399879327,18291.204995714284,0.20115047013839654,98174.18,1
2025-01-02,96984.79,98976.91,96100.01,98174.18,15253.82936,95022.43000000001,98276.64366666667,0.012263675572221164,0.02966341423227301,0.03316848453570368,-0.0010426044566012272,16684.42857714286,-0.08574457378197145,98220.5,1
2025-01-03,98174.17,98778.43,97514.79,98220.5,8990.05651,95439.64428571428,98319.13933333334,0.0004719163910425904,0.012871410066415631,0.02913732270376834,-0.0010032566802575537,16770.737664285713,-0.46394388309198453,98363.61,1
2025-01-04,98220.51,98836.85,97276.79,98363.61,8095.63723,96100.41714285713,98273.23166666666,0.001456925849804749,0.015883240679568984,0.023550291709749246,0.0009196637965452881,15987.827871428572,-0.49363745374895474,102235.6,1
2025-01-05,98363.61,102480.0,97920.0,102235.6,25263.43375,97449.49571428572,98353.352,0.03936404936744397,0.04635860761922016,0.04911368961566278,0.03947245234712495,15651.25805,0.6141471611606327,96954.61,0
2025-01-06,102235.6,102724.38,96181.81,96954.61,32059.87537,97932.15428571429,98214.85266666667,-0.051655098615355166,0.06399502717253096,-0.00998185215922376,-0.01283148762584652,17429.52111857143,0.8394008161153492,95060.61,0
2025-01-07,96954.6,97268.65,92500.9,95060.61,33704.67894,97999.12857142858,98140.99066666668,-0.01953481320123032,0.04917507781992809,-0.02998515001372466,-0.031387299493736635,20762.57152,0.6233383667111383,92552.49,0
2025-01-08,95060.61,95382.32,91203.67,92552.49,34544.83685,97365.94285714287,98006.307,-0.02638442989162383,0.043957744432736215,-0.04943672002648046,-0.055647612556200036,22558.90685857143,0.5313169679085945,94726.11,1
2025-01-09,92552.49,95836.0,92206.02,94726.11,31482.86424,96873.36142857143,97793.01066666665,0.02348526765730447,0.03922077082961242,-0.022165550951328158,-0.03136114376435724,24877.340412857146,0.2655237142523875,94599.99,0
2025-01-10,94726.1,95050.94,93831.73,94599.99,7047.9043,96356.14571428571,97612.86733333333,-0.0013313120671071708,0.012870898305746847,-0.018225674151527822,-0.03086557557053209,24599.89009714286,-0.7134985452305506,94545.06,0
2025-01-11,94599.99,95450.1,93711.19,94545.06,8606.86622,95810.63857142857,97383.561,-0.0005806554525006563,0.01838171441667175,-0.013209165394352967,-0.029147640226464957,24672.92281,-0.6511614661027669,94536.1,0
2025-01-12,94545.07,95940.0,89256.69,94536.1,42619.56423,94710.71,97154.09766666667,-9.487538588739913e-05,0.07068914328372698,-0.0018436140960193474,-0.026946857925117564,27152.37002142857,0.5696443513536671,96560.86,1
2025-01-13,94536.11,97371.0,94346.22,96560.86,27846.61753,94654.46,96890.66,0.021417741855466656,0.031996027761243814,0.020140625174978485,-0.0034038368610555744,26550.476044285715,0.04881801303872457,100497.35,1
2025-01-14,96560.85,100681.94,96500.0,100497.35,30509.99179,95431.13714285714,96705.28300000001,0.040767039643913656,0.04330885653968458,0.053087629560139425,0.039212614682074765,26094.092165714286,0.16922986230913525,99987.3,0
2025-01-15,100497.35,100866.66,97335.13,99987.3,27832.85317,96493.25285714286,96500.40166666666,-0.005075258203325788,0.03514052858110188,0.036210274183937435,0.03613351108504034,25135.237354285713,0.10732406373136259,104077.48,1
2025-01-16,99987.3,105865.22,99950.77,104077.48,39171.85292,97829.16285714286,96629.51733333334,0.040906995188388855,0.05915201230556277,0.06386967812431735,0.0770775108083605,26233.664308571428,0.4931902939385111,104556.23,1
2025-01-17,104077.47,104988.88,102277.55,104556.23,24307.82998,99251.48285714285,96865.99633333334,0.0046000349547312665,0.026051075223100656,0.05344753539342588,0.07939043583677365,28699.367977142858,-0.15301863095523316,101331.57,0
2025-01-18,104556.23,106422.43,99651.6,101331.57,43397.28298,100220.98428571431,96983.534,-0.03084139510385932,0.0647577863126854,0.011081369058595482,0.044832723872487545,33669.427514285715,0.2889225087532844,102260.01,1
2025-01-19,101331.57,109588.0,99550.0,102260.01,89529.231732,101324.4,97149.13466666666,0.009162396279856195,0.09906093431691623,0.009233807454078195,0.05260855231361055,40370.808586,1.2176724932640417,106143.82,1
2025-01-20,102260.0,107240.81,100119.04,106143.82,45941.02002,102693.39428571428,97514.38633333333,0.03797985527087822,0.06964375122237439,0.03359929563420531,0.0884939544937369,42955.72322742857,0.06949706740510023,103706.66,0
2025-01-21,106143.82,106394.46,103339.12,103706.66,22248.69254,103151.86714285715,97808.55933333332,-0.02296092226565808,0.028784907119416003,0.005378408287796722,0.060302500178597326,41775.537620285715,-0.46742295114841814,103910.34,1
2025-01-22,103706.66,106850.0,101262.28,103910.34,53953.12031,103712.30142857143,97983.45133333333,0.0019640011547955843,0.05388004974801041,0.0019094993429005969,0.06048867013781517,45507.00435457142,0.18560035043440778,104870.5,1
2025-01-23,103910.35,107120.0,102750.0,104870.5,23609.24017,103825.59,98164.81466666666,0.009240176748514408,0.0420554834046849,0.01006408920960626,0.06831047719188899,43283.77396171429,-0.4545475588408017,104746.85,0
2025-01-24,104870.51,105286.52,104106.09,104746.85,9068.32377,103852.82142857143,98463.323,-0.0011791684812059076,0.011256071892851553,0.008608611293661115,0.06381591448015625,41106.70164600001,-0.7793954901053848,102620.0,0
2025-01-25,104746.86,105500.0,102520.44,102620.0,9812.51238,104036.88285714285,98740.68866666667,-0.020304761402871654,0.028445339554808588,-0.01361904372979363,0.0392878699320124,36308.87727457143,-0.7297489452566439,102082.83,0
2025-01-26,102620.01,103260.0,97777.77,102082.83,50758.1341,104011.57142857143,98966.78300000001,-0.00523465160449695,0.053422621962324855,-0.01854352743719453,0.03148578649868806,30770.149041428573,0.6495901281355458,101335.52,0
2025-01-27,102082.83,103800.0,100272.68,101335.52,22022.05765,103324.67142857143,99220.027,-0.0073206238502596145,0.034553509145465566,-0.019251466286505703,0.021321229835988678,27353.154417142854,-0.19489879250642236,103733.24,1
2025-01-28,101335.52,104782.68,101328.01,103733.24,23155.35802,103328.46857142857,99584.73333333334,0.023661199942527567,0.03409140250131443,0.003917327278412365,0.04165805869842166,27482.678057142857,-0.15745627220700095,104722.94,1
2025-01-29,103733.25,106457.44,103278.54,104722.94,19374.07472,103444.55428571429,99956.298,0.00954072103207026,0.03064494749754788,0.012358173159650428,0.04768726028649047,22542.81440142857,-0.1405653981353705,102429.56,0
2025-01-30,104722.94,106012.0,101560.0,102429.56,21983.18193,103095.84857142856,100217.55700000002,-0.02189949976576292,0.04251217546031462,-0.0064628069962190254,0.022072010795473513,22310.520367142857,-0.01467193197451979,100635.65,0
2025-01-31,102429.56,102783.71,100279.51,100635.65,12290.95747,102508.53428571428,100339.25233333334,-0.017513596660963922,0.024448020669033545,-0.018270520584111948,0.002953955304370865,22770.89661,-0.46023392576459465,97700.59,0
2025-02-01,100635.66,101456.6,96150.0,97700.59,34619.49939,101805.76142857144,100323.466,-0.029165307804410553,0.05273081132473326,-0.04032356686857742,-0.02614419242652565,26314.751897142858,0.31559284789452385,101328.52,1
2025-02-02,97700.59,102500.01,91231.0,101328.52,75164.7385,101698.00285714284,100427.06666666667,0.037133143208244776,0.1153422922011013,-0.003633137787984458,0.008976198979558018,29801.40966857143,1.5221873507302155,97763.13,0
2025-02-03,101328.51,101732.31,96150.0,97763.13,40267.98697,101187.66142857143,100407.05066666666,-0.03518634587639738,0.0550912077953184,-0.03384336963839025,-0.026332021995586728,32407.971,0.24253341778169316,96612.43,0
2025-02-04,97763.14,99149.0,96155.0,96612.43,26233.30444,100170.40285714285,100219.61166666666,-0.011770387080447768,0.03062503925303545,-0.035519202834963425,-0.0359927723394525,32847.677631428574,-0.20136501781483507,96554.35,0
2025-02-05,96612.44,99120.0,95676.64,96554.35,23515.20405,99003.46142857142,100206.26966666667,-0.0006012683252798139,0.03564095886616672,-0.024737634353707804,-0.03644402370045982,33439.26753571429,-0.2967787340172761,96506.8,0
2025-02-06,96554.35,100137.99,95620.34,96506.8,31794.22065,98157.35285714285,100254.476,-0.0004924687494660045,0.046788673943742656,-0.016815376628432927,-0.03738163271632872,34840.844495714286,-0.08744402983943304,96444.74,0
2025-02-07,96506.8,96880.0,95688.0,96444.74,10147.24294,97558.65142857144,100384.21766666668,-0.0006430634939713851,0.012351461244181757,-0.011417864149003669,-0.03924399430743191,34534.59956285715,-0.7061716924926033,96462.75,1
2025-02-08,96444.75,97323.09,94713.0,96462.75,14120.91613,97381.81714285714,100442.10566666668,0.00018663535340181814,0.027063059420030604,-0.009437769491494332,-0.03961840146873083,31606.230525714287,-0.553223655743716,97430.82,1
2025-02-09,96462.75,98345.0,95256.0,97430.82,20572.87537,96825.00285714286,100536.46666666666,0.010035687350816839,0.03202272379752806,0.006256825458099738,-0.030890748100025924,23807.392935714284,-0.13586189695143278,95778.2,0
2025-02-10,97430.82,98478.42,94876.88,95778.2,18647.76379,96541.44142857144,100577.57133333334,-0.01696198389790838,0.03696509995502443,-0.007905842478394633,-0.047718107225191465,20718.789624285713,-0.09995882345646973,97869.99,1
2025-02-11,95778.21,98119.99,94088.23,97869.99,29151.16625,96721.09285714287,100688.70099999999,0.021839831836489725,0.04209475203180357,0.011878454935926546,-0.027994312887202524,21135.627025714286,0.3792430295317829,96608.14,0
2025-02-12,97870.0,98083.91,95217.36,96608.14,19921.77616,96728.77714285716,100690.277,-0.012893225707571274,0.029289363441299714,-0.0012471691095504215,-0.04054152120368089,20622.280184285715,-0.03396831087667511,97500.48,1
2025-02-13,96608.13,98826.0,96252.82,97500.48,18173.02646,96870.73142857142,100590.38133333334,0.0092368002568727,0.02663523245921428,0.006500916862519237,-0.030717661990902704,18676.3953,-0.02695214102691429,97569.66,1
2025-02-14,97500.47,97972.26,97223.58,97569.66,7349.37683,97031.43428571429,100509.79333333335,0.0007096376048238776,0.0076787322153420694,0.005546921142079358,-0.029252207529495255,18276.700141428573,-0.5978827264698152,96118.12,0
2025-02-15,97569.67,97704.47,96046.18,96118.12,8191.4249,96982.20142857144,100244.48133333333,-0.014877061693454563,0.01699595786272525,-0.00890969080762567,-0.04116297753701116,17429.629965714284,-0.5300287547060207,95780.0,0
2025-02-16,96118.12,97046.59,95205.0,95780.0,16492.0451,96746.37000000001,99951.94033333333,-0.0035177550289164556,0.019159654808063212,-0.009988695183085523,-0.04173946318020619,16846.654212857142,-0.021049230807296412,95671.74,0
2025-02-17,95780.01,96753.91,93388.09,95671.74,23368.19471,96731.16142857143,99763.27933333332,-0.0011304028888699169,0.03514115314876254,-0.010952224835568916,-0.04101247834548916,17521.001487142858,0.3337248288659692,96644.37,1
2025-02-18,95671.74,96899.99,95029.99,96644.37,16438.50954,96556.07285714286,99576.09133333334,0.010166324977469733,0.019546001776491156,0.0009144649346682788,-0.02944202061034252,15704.907671428573,0.0467116320528292,98305.0,1
2025-02-19,96644.37,98711.36,96415.09,98305.0,17057.39177,96798.48142857142,99314.79733333335,0.01718289435794351,0.023759997607724116,0.015563452537633573,-0.010167642289437857,15295.709901428572,0.11517490066982053,96181.98,0
2025-02-20,98305.01,99475.0,94871.95,96181.98,32249.2814,96610.12428571428,99063.97466666668,-0.02159635607585004,0.04682416491285646,-0.00443167099597234,-0.029092257567537534,17306.603464285712,0.8634090430597966,96551.01,1
2025-02-21,96181.99,96980.0,95770.49,96551.01,11268.17708,96464.60285714285,98818.66366666667,0.003836685017641967,0.012575223282446066,0.0008957393727636097,-0.022947625301996472,17866.43207142857,-0.36931016584896603,96258.0,0
2025-02-22,96551.01,96650.0,95227.94,96258.0,10884.84913,96484.58571428571,98531.58033333333,-0.0030347688750225893,0.014728587510374027,-0.002348413610404965,-0.023074635823781435,18251.206961428572,-0.40360935290451533,91552.88,0
2025-02-23,96258.0,96500.0,91349.26,91552.88,31550.10299,95880.71142857142,98091.78133333333,-0.048880300858110445,0.05350973425585411,-0.04513766495981347,-0.06666105197042937,20402.35808857143,0.5463949242059958,88680.4,0
2025-02-24,91552.88,92540.69,86050.99,88680.4,78333.11111,94881.94857142855,97627.12800000001,-0.03137509164102768,0.07088471711649046,-0.06536067887307291,-0.09164182316210323,28254.489002857143,1.7724129465614764,84250.09,0
2025-02-25,88680.39,89414.15,82256.01,84250.09,56893.54409,93111.33714285714,97032.70333333334,-0.04995805724354621,0.08071840910938709,-0.09516829437495537,-0.13173510470404642,34033.77965285714,0.671678687184066,84708.58,1
2025-02-26,84250.09,87078.46,82716.49,84708.58,42505.45439,91168.99142857142,96478.47200000001,0.0054420119907290935,0.05177406932146899,-0.07086193811448473,-0.1219950083786568,37669.21717,0.1283869850061977,84349.94,0
2025-02-27,84708.57,85120.0,78258.52,84349.94,83648.03969,89478.7,95832.362,-0.00423369205736804,0.08100101323868406,-0.057318222102019756,-0.11981779182276643,45011.89692571428,0.8583540220055416,86064.53,1
2025-02-28,84349.95,86558.0,83824.78,86064.53,25785.05464,87980.63142857142,95210.415,0.020326983003546555,0.03240333870974436,-0.021778673299555015,-0.09605971153470967,47085.73657714286,-0.4523807735755586,94270.0,1
2025-03-01,86064.54,95000.0,85050.6,94270.0,54889.09045,87696.63142857142,94938.42966666665,0.09534077565510729,0.1156039409494316,0.0749557704138564,-0.0070406648710489225,53372.0567657143,0.0284237441128601,86220.61,0
2025-03-02,94269.99,94416.46,85117.11,86220.61,59171.10218,86934.87857142856,94457.92833333333,-0.0853864522527265,0.09864592114627364,-0.008216133537722665,-0.08720621422337986,57317.91379285714,0.03233174874159148,87281.98,1
2025-03-03,86221.16,88967.52,81500.0,87281.98,55609.10706,86735.10428571429,94110.64133333335,0.012303476316022568,0.08660890203750453,0.006305125459747442,-0.07255992772535369,54071.6275,0.028434127676293813,90606.01,1
2025-03-04,87281.98,91000.0,86334.53,90606.01,38264.01163,87643.09285714287,93753.22433333333,0.03808380607314361,0.0534528433016758,0.03380662464395963,-0.033569131682806196,51410.26572,-0.25571262676601475,89931.89,0
2025-03-05,90606.0,92810.64,87836.0,89931.89,34342.44902,88389.28,93492.183,-0.0074400150100434916,0.054904090236849654,0.017452455772917267,-0.0380811837498757,50244.12209571429,-0.3164882261336329,86801.75,0
2025-03-06,89931.88,91283.02,84667.03,86801.75,57980.35713,88739.53857142858,93165.16033333333,-0.034805566168526716,0.07356668180404996,-0.02183681144418852,-0.06830246747352599,46577.31030142858,0.24481977930403748,86222.45,0
2025-03-07,86801.74,86897.25,85218.47,86222.45,12989.23054,88762.09857142856,92820.76366666665,-0.006673714144440055,0.01934039571096154,-0.02861185812754148,-0.07108661258554382,44749.33543,-0.7097335543604072,80734.37,0
2025-03-08,86222.46,86500.0,80000.0,80734.37,26115.39345,86828.43714285713,92295.016,-0.06365035281990343,0.07538639004268725,-0.07018515296815359,-0.12525753286613014,40638.80728714286,-0.3573779548824928,78595.86,0
2025-03-09,80734.48,84123.46,77459.91,78595.86,47633.38405,85739.18714285713,91700.05333333332,-0.026489549446531337,0.08253660641649024,-0.08331461238319235,-0.14290278856980654,38990.56184,0.2216644696084738,82932.99,1
2025-03-10,78595.86,83617.4,76606.0,82932.99,48770.06853,85117.90285714286,91249.06133333333,0.05518267756087922,0.089208261096704,-0.025669251518213445,-0.0911359658041267,38013.55633571429,0.2829651637771078,83680.12,1
2025-03-11,82932.99,84539.85,80607.65,83680.12,31933.986,84128.48999999999,90790.70466666667,0.009008839546240767,0.0474141834268849,-0.005329585732490805,-0.07831842139316814,37109.26695999999,-0.13946060873631425,81115.78,0
2025-03-12,83680.12,84336.33,79939.9,81115.78,27546.27412,82869.0457142857,90301.95733333332,-0.03064455452501737,0.05253852408433458,-0.02115706412658089,-0.10172733354410265,36138.38483142857,-0.2377558031856545,83983.2,1
2025-03-13,81115.78,85309.71,80818.84,83983.2,26858.52755,82466.39571428571,89839.06433333334,0.03534971863674365,0.055363703585171835,0.01839299841561439,-0.06518171551304348,31692.409177142858,-0.1525249027337796,84338.44,1
2025-03-14,83983.19,84676.28,83618.0,84338.44,11324.7332,82197.25142857143,89430.07433333334,0.004230013172874238,0.012601093147331018,0.02604939379620553,-0.056934251383435636,31454.62384285714,-0.639966026725458,82574.53,0
2025-03-15,84338.44,85117.04,81981.12,82574.53,17596.12531,82460.13142857143,88932.54266666666,-0.02091466240067997,0.03718257060481553,0.0013873197804403286,-0.07149253215999352,30237.585537142855,-0.4180710861194424,84010.03,1
2025-03-16,82574.52,84756.83,82456.0,84010.03,17214.74358,83233.58428571429,88480.555,0.017384418341154083,0.027863679982638733,0.009328514696909167,-0.05052550811870466,25892.06547,-0.33513440246990084,82715.03,0
2025-03-17,84010.02,84021.74,81134.66,82715.03,17610.89883,83202.44714285714,88033.78533333333,-0.015414708864490274,0.03436590063899522,-0.005858206814761781,-0.06041720588515268,21440.75551285714,-0.17862508065821348,86845.94,1
2025-03-18,82715.03,87000.0,82547.16,86845.94,28151.05374,83654.70714285714,87735.98333333334,0.04994146771149093,0.05383350522873529,0.03814767830928149,-0.010144564402405036,20900.336618571426,0.34691867665833664,84223.39,0
2025-03-19,86845.93,87453.67,83655.23,84223.39,22090.30463,84098.65142857142,87354.37166666666,-0.030197615478353375,0.043737685807498435,0.0014832410426286469,-0.03584230081367986,20120.912405714284,0.09787787872514236,84088.79,0
2025-03-20,84223.38,84850.33,83175.25,84088.79,11956.97443,84113.73571428572,86935.85233333333,-0.001598012333392593,0.01988853926308825,-0.0002965712326755146,-0.03274900121088135,17992.11910285714,-0.33543267684898564,83840.59,0
2025-03-21,84088.79,84539.17,83625.1,83840.59,5420.22114,84042.6142857143,86453.70533333332,-0.0029516419489446465,0.010870295553069469,-0.002403831525605487,-0.0302256025147577,17148.61738,-0.6839266385218049,86082.5,1
2025-03-22,83840.59,86129.64,83809.75,86082.5,8461.97813,84543.75285714286,86117.056,0.026740150564303084,0.027670248980833742,0.018200601355575382,-0.0004012677813788346,15843.73921142857,-0.4659102868913597,87498.16,1
2025-03-23,86082.5,88765.43,85519.09,87498.16,30115.62111,85042.05714285714,85815.29433333334,0.016445386692998037,0.037711962361687876,0.028881037684883364,0.019610323308219282,17686.721715714284,0.7027248799444217,87392.87,0
2025-03-24,87498.16,88539.63,86310.0,87392.87,22643.25248,85710.31999999999,85519.79000000001,-0.0012033395902269048,0.025482021564796387,0.01963065824512151,0.021902298871407273,18405.62938,0.2302351640637024,86909.17,0
2025-03-25,87392.88,88275.0,85860.0,86909.17,18408.78485,85719.35285714285,85364.99966666667,-0.005534890256506095,0.027633830124376264,0.013880379438235644,0.018089033437158154,17013.87668142857,0.08198649812091541,87232.01,1
2025-03-26,86909.17,87756.39,85800.0,87232.01,17098.03897,86149.1557142857,85316.71999999999,0.0037146828119517944,0.02251074311260825,0.012569528705604304,0.022449175261308785,16300.695872857143,0.04891466618124829,84424.38,0
2025-03-27,87232.01,87515.67,83585.0,84424.38,27182.73169,86197.09714285714,85322.52966666667,-0.03218577675786664,0.04505994989683258,-0.020565856642702846,-0.01052652412177072,18475.804052857144,0.47126109436067526,82648.54,0
2025-03-28,84424.38,84624.73,81644.81,82648.54,11696.39864,86026.80428571429,85253.86166666665,-0.021034682161716924,0.03529691304810291,-0.039269903302397706,-0.030559573674834587,19372.400838571426,-0.3962339135213494,82389.99,0
2025-03-29,82648.53,83534.64,81565.0,82389.99,9864.49508,85499.30285714286,85188.53,-0.0031281863089397187,0.02383151884250088,-0.03636652876969151,-0.03285113617995279,19572.760402857144,-0.49600900041876433,82550.01,1
2025-03-30,82390.0,83943.08,81278.52,82550.01,20569.13885,84792.42428571428,85071.37933333333,0.0019421046243475514,0.0323408180604442,-0.026445927270086156,-0.02963827967869087,18208.977222857142,0.12961527702831233,85158.34,1
2025-03-31,82550.0,85579.46,82432.74,85158.34,20190.39697,84473.20571428571,84767.65733333334,0.03159709267110838,0.0381189582071472,0.008110669885450096,0.004608864736350705,17858.569292857144,0.13057191978281898,82516.29,0
2025-04-01,85158.35,88500.0,82320.0,82516.29,39931.457,83845.65142857142,84644.18,-0.031025260588069307,0.07257068743112095,-0.015854864336094027,-0.02513923579861013,20933.236742857145,0.9075624802086779,83213.09,1
2025-04-02,82516.28,83998.02,81211.24,83213.09,27337.84135,83271.52,84508.55033333333,0.008444515433802853,0.0337724870777015,-0.0007016804785118317,-0.015329340382997414,22396.065654285714,0.2206537421347765,83889.87,1
2025-04-03,83213.09,84720.0,81659.0,83889.87,32915.53976,83195.16142857143,84284.679,0.008133095406023246,0.036785077924639024,0.008350348259435945,-0.0046842321129325105,23215.038235714284,0.41785421267850215,83537.99,0
2025-04-04,83889.87,84266.0,82379.95,83537.99,9360.40468,83322.22571428571,84071.54899999998,-0.004194546969735322,0.022482452291319597,0.002589516588936962,-0.006346487085660565,22881.324812857143,-0.5909150909504883,78430.0,0
2025-04-05,83537.99,83817.63,77153.83,78430.0,27942.71436,82756.51285714285,83792.49066666666,-0.06114571346521511,0.07976969520094992,-0.05228002857746587,-0.06399727020884352,25463.92756714286,0.09734502999669314,79163.24,1
2025-04-06,78430.0,81243.58,74508.0,79163.24,78387.53089,82272.68857142856,83557.18366666668,0.00934897360703819,0.08588014790258831,-0.03779442030424171,-0.05258606709622193,33723.69785857143,1.324404969429428,76322.42,0
2025-04-07,79163.24,80867.99,76239.9,76322.42,35317.32063,81010.41428571429,83410.11866666666,-0.03588559538492875,0.05846261471864985,-0.057869032358978924,-0.08497408683701026,35884.68695285714,-0.01581081990773685,82615.22,1
2025-04-08,76322.42,83588.0,74620.0,82615.22,75488.28772,81024.54714285713,83544.09733333332,0.08245021580814658,0.11750151528214121,0.019631987011766928,-0.011118407679086974,40964.23419857143,0.8427852783497791,79607.3,0
2025-04-09,82615.22,82753.21,78464.36,79607.3,33284.80718,80509.43428571429,83433.241,-0.036408787630172725,0.05191355781658641,-0.011205323869408484,-0.045856315230520556,41813.80074571429,-0.20397556341702483,83423.84,1
2025-04-10,79607.3,84300.0,78969.58,83423.84,34435.43797,80442.85857142857,83424.69833333332,0.047942085713244806,0.0669589346705641,0.03705712951416919,-1.028871965341833e-05,42030.92906142857,-0.18071194858261866,85276.9,1
2025-04-11,83423.83,85905.0,82792.95,85276.9,18470.74437,80691.27428571429,83563.40233333333,0.022212717876894317,0.03730408925123676,0.056829263819143244,0.020505360227334242,43332.40616,-0.5737429326726314,83760.0,0
2025-04-12,85276.91,86100.0,83034.23,83760.0,24680.04181,81452.70285714287,83555.96233333331,-0.01778805071619039,0.035950763225356126,0.028326833388252603,0.002441928271410593,42866.31008142857,-0.4242555106068624,84591.58,1
2025-04-13,83760.0,85799.99,83678.0,84591.58,28659.09348,82228.18000000001,83564.40033333332,0.009928127984718264,0.025334169054441323,0.028741971426340628,0.012292072492225402,35762.24759428571,-0.19862157979748157,83643.99,0
2025-04-14,84591.58,86496.42,83600.0,83643.99,20910.99528,83274.11857142857,83600.04900000001,-0.011201942320973275,0.03424005084193957,0.00444161325171133,0.0005256097397740952,33704.201115714284,-0.379573032803604,84030.38,1
2025-04-15,83643.99,85500.0,83111.64,84030.38,20867.24519,83476.28428571428,83600.72733333333,0.004619459210398732,0.028553874582023173,0.006637762078499073,0.0051393412518238295,25901.19504,-0.1943520305617527,84947.91,1
2025-04-16,84030.38,85470.01,83736.26,84947.91,13728.84772,84239.22857142857,83675.15666666668,0.010919027142326367,0.02063241889421421,0.008412724577249975,0.015210647748214474,23107.486545714284,-0.4058701411406308,84474.69,0
2025-04-17,84947.92,85132.08,84303.96,84474.69,6529.96315,84389.35,83596.115,-0.005570825041978614,0.009748561236107903,0.0010112650470704716,0.010509758736993903,19120.990142857143,-0.6584924158627141,85077.01,1
2025-04-18,84474.7,85677.99,84364.45,85077.01,9666.58153,84360.79428571429,83624.56899999999,0.007130063794248428,0.0155495077224306,0.008489911935395179,0.017368591759199456,17863.252594285714,-0.4588565839855924,85179.24,1
2025-04-19,85077.0,85320.76,83949.52,85179.24,8091.67725,84563.54285714286,83660.91733333333,0.0012017348989739323,0.01611763461335015,0.00728088159571634,0.01814852998344692,15493.48622857143,-0.4777368288437115,87516.23,1
2025-04-20,85179.24,88465.99,85144.76,87516.23,31773.37262,84981.35,83783.43866666667,0.027436145239145015,0.038991073411784496,0.029828662406516136,0.04455285427212266,15938.383248571428,0.9935129005539426,93442.99,1
2025-04-21,87516.22,93888.0,87076.03,93442.99,43872.74705,86381.20714285714,84028.78833333333,0.06772196056913797,0.07783665702197834,0.0817513796196909,0.1120354327771755,19218.63350142857,1.282823440425087,93691.08,1
2025-04-22,93442.99,94696.05,91935.41,93691.08,27404.16808,87761.30714285714,84235.219,0.002654987816635539,0.02954357517883363,0.06756705261340767,0.11225543320543875,20152.47962857143,0.35984100145906606,93980.47,1
2025-04-23,93691.07,94005.0,91660.01,93980.47,19497.06071,89051.67285714285,84454.80566666667,0.003088874958947466,0.025028959536912164,0.05534760869415613,0.11279008054236757,20976.510055714287,-0.07052886022435668,94638.68,1
2025-04-24,93980.47,95758.04,92855.96,94638.68,27500.66648,90503.67142857143,84712.45599999999,0.007003689170739323,0.03087960722052132,0.045688848929096276,0.1171754954194694,23972.324817142857,0.14718395857601552,94628.0,0
2025-04-25,94638.68,95199.0,93870.69,94628.0,9415.06875,91868.09857142856,84958.989,-0.00011285026376100149,0.014035593057722253,0.030042000122878124,0.11380798093065818,23936.39442,-0.6066630343401569,93749.3,0
2025-04-26,94628.0,95369.0,93602.58,93749.3,11162.841,93092.39285714286,85269.81966666666,-0.009285835059390424,0.018666990742697703,0.007056507225732401,0.09944292560346653,24375.132098571426,-0.5420397741904246,95011.18,1
2025-04-27,93749.29,95630.0,92800.01,95011.18,22157.53351,94163.1,85681.90766666667,0.013460261939050413,0.0301867886146125,0.009006500423201733,0.10888264030753775,23001.440797142855,-0.03668932283788418,94256.82,0
2025-04-28,95011.18,95461.53,93742.54,94256.82,16955.3402,94279.36142857143,86077.46866666667,-0.007939697201950192,0.01809250237708873,-0.0002390918672958918,0.09502313973715606,19156.096961428575,-0.11488544696030051,94172.0,0
2025-04-29,94256.82,95228.45,92910.0,94172.0,17661.2751,94348.06428571428,86464.86833333335,-0.0008998818334843779,0.024597159123339797,-0.0018661144459848756,0.08913599031868823,17764.255107142857,-0.005797034917689889,96489.91,1
2025-04-30,94172.0,97424.02,94130.43,96489.91,21380.45343,94706.55571428571,86842.58733333334,0.02461357940789198,0.034974196151722495,0.018830315095550294,0.11108976555059025,18033.31121,0.18560885358335708,96887.14,1
2025-05-01,96489.9,97895.68,96350.0,96887.14,14905.74811,95027.76428571428,87321.61566666666,0.004116907572709737,0.016019085935419074,0.019566657473864667,0.10954360223759337,16234.037157142857,-0.08182123979914749,95856.42,0
2025-05-02,96887.13,96935.67,95753.01,95856.42,9723.34838,95203.25285714286,87743.06,-0.010638255049974196,0.012206574805136693,0.006860764976562848,0.09246725609979867,16278.077104285712,-0.40267217573014047,94277.62,0
2025-05-03,95856.42,96304.48,94151.38,94277.62,11036.38342,95278.72714285714,88089.31833333333,-0.0164704669755036,0.022461719308941346,-0.010507142285351111,0.07025030711725908,16260.011735714284,-0.32125612211219085,94733.68,1
2025-05-04,94277.61,95199.0,93514.1,94733.68,17251.18189,95239.08428571429,88462.508,0.004837521867599236,0.017871687667941456,-0.00530668989002556,0.07089073260278797,15559.104361428572,0.10875160223014717,96834.02,1
2025-05-05,94733.68,96920.65,93377.0,96834.02,16122.64513,95607.25571428573,89075.97533333334,0.02217099557411906,0.037406442988385906,0.01283128855178482,0.0870946923413985,15440.147922857142,0.04420276350672194,97030.5,1
2025-05-06,96834.02,97732.0,95784.61,97030.5,16644.83854,96015.61285714286,89671.55066666666,0.002029038967916399,0.020110597494558208,0.010570022027221208,0.0820655969326162,15294.942700000001,0.08825765918037726,103261.6,1
2025-05-07,97030.5,104145.76,96876.29,103261.6,34962.02847,96982.99714285714,90569.52333333335,0.06421795208723037,0.07491943254955917,0.06473921246107091,0.14013628646310264,17235.167705714288,1.0285284754385304,102971.99,0
2025-05-08,103261.61,104361.3,102315.14,102971.99,27617.39907,97852.26142857142,91248.08233333334,-0.002804720941306216,0.019815302124381012,0.052321004100306844,0.12848388006488407,19051.117842857144,0.4496471701976596,104809.53,1
2025-05-09,102971.99,104984.57,102818.76,104809.53,15324.78611,99131.27714285716,92088.15666666668,0.017845046988020658,0.02103300130452963,0.057280134189736744,0.13814342466839824,19851.323232857143,-0.22802193434465842,104118.0,0
2025-05-10,104809.53,104972.0,103345.06,104118.0,17987.12197,100537.04571428572,92777.96200000001,-0.006597968715249452,0.01552282507134611,0.03561825653690805,0.12222771179216013,20844.285882857144,-0.13707180610140002,102791.32,0
2025-05-11,104118.0,105819.45,100718.37,102791.32,31272.77792,101688.13714285714,93361.77600000001,-0.012742081100289989,0.04899325764997409,0.010848687842447646,0.10100004952776384,22847.371030000002,0.36876920670377883,104103.72,1
2025-05-12,102791.32,104976.25,101429.7,104103.72,21253.42409,102726.66571428571,94039.9,0.012767615008738034,0.03450242685861027,0.01340503243378205,0.10701648980911302,23580.339452857144,-0.0986803166048231,103507.82,0
2025-05-13,104103.72,104356.95,102602.05,103507.82,16452.9081,103651.99714285714,94670.44133333334,-0.005724099004339078,0.016857226619759545,-0.0013909731296197498,0.093348869427474,23552.920818571427,-0.3014493520044903,103763.71,1
2025-05-14,103507.83,104192.7,101383.07,103763.71,17998.98604,103723.72714285715,95341.09866666667,0.002472083512909165,0.02714413006243093,0.00038547455094612804,0.0883418740828719,21129.629042857145,-0.14816365192721906,103463.9,0
2025-05-15,103763.71,104550.33,103100.49,103463.9,15683.88024,103794.0,95988.88266666667,-0.002889353127408534,0.013972515053673355,-0.0031803379771470973,0.0778737821054887,19424.84063857143,-0.19258641386962505,103126.65,0
2025-05-16,103463.9,103709.86,102612.5,103126.65,11250.89622,103553.58857142857,96594.84066666666,-0.0032595910264353076,0.010606211441865236,-0.004122875675468102,0.0676206854139712,18842.85636857143,-0.4029091980573757,106454.26,1
2025-05-17,103126.65,106660.0,103105.09,106454.26,21599.98726,103887.34,97327.493,0.03226721705786041,0.034471303004606504,0.024708689239709078,0.0937737808575835,19358.979981428573,0.11576060725933231,105573.74,0
2025-05-18,106454.27,107108.62,102000.0,105573.74,30260.03524,104284.82857142857,98010.71733333333,-0.00827143899441515,0.04798886883541632,0.012359529628881805,0.07716526184524206,19214.30245571429,0.5748703503415882,106849.99,1
2025-05-19,105573.73,107320.0,104184.72,106849.99,23705.48275,104677.15285714285,98733.07566666667,0.012088802773189973,0.029697539340515854,0.02075751091379524,0.08221069057685286,19564.59655,0.21165201078475607,109643.99,1
2025-05-20,106850.0,110797.38,106100.01,109643.99,45531.040345,105553.74857142857,99470.66766666666,0.026148713149274732,0.04396228357510538,0.0387503189979421,0.10227459583788939,23718.615442142855,0.919633144525847,111696.21,1
2025-05-21,109643.99,111980.0,109177.37,111696.21,31630.77313,106686.96285714288,100079.10833333334,0.018717122570968105,0.025561182149609882,0.046952757944423495,0.11607918835541187,25666.013597857145,0.23239914174442944,107318.3,0
2025-05-22,111696.22,111800.0,106800.0,107318.3,31737.72309,107237.59142857142,100533.349,-0.039194880542958374,0.04476427223768181,0.0007526145482513636,0.06748955513259586,27959.419719285714,0.13513525704927654,107761.91,1
2025-05-23,107318.3,109506.03,106875.41,107761.91,16782.53129,107899.77142857143,100992.73033333334,0.004133591381898526,0.024512315234214436,-0.0012776804505345157,0.06702640521079614,28749.65330071429,-0.41625274174756627,109004.19,1
2025-05-24,107761.9,109299.99,106600.64,109004.19,17710.04695,108264.04714285715,101471.58066666668,0.011528100376849409,0.025049205702572113,0.0068364602716746575,0.07423368477995713,28193.947542142854,-0.37184933314045726,109434.79,1
2025-05-25,109004.2,110422.22,108670.58,109434.79,14649.11593,108815.62571428572,101965.14033333334,0.003950214762366923,0.016069472552433753,0.0056900310194419644,0.07325689585918956,25963.816212142854,-0.43578725830184983,108938.17,0
2025-05-26,109434.78,110718.0,107516.57,108938.17,21276.65635,109113.93714285715,102471.436,-0.0045379540215642646,0.02925422795202762,-0.0016108587725784814,0.06310767422055057,25616.841012142857,-0.16942700546431655,107781.78,0
2025-05-27,108938.17,109284.7,106769.43,107781.78,15633.78829,108847.90714285716,102897.12266666668,-0.010615103962183315,0.023088968724185508,-0.009794649900414967,0.04747127234215361,21345.805004285714,-0.26759434526544584,105589.75,0
2025-05-28,107781.78,108891.91,105322.86,105589.75,19834.70116,107975.5557142857,103274.887,-0.02033766746104953,0.0331136672636136,-0.02209579472412056,0.022414577902176717,19660.651865714288,0.008852671593724357,103985.48,0
2025-05-29,105589.75,106313.12,103621.0,103985.48,23706.49799,107499.43857142857,103602.003,-0.015193425498213644,0.025496035363280958,-0.032688157427852145,0.0037014438803851983,18513.333994285716,0.2805093883855384,104591.88,1
2025-05-30,103985.47,104900.0,103068.55,104591.88,11289.35922,107046.57714285715,103872.06866666666,0.00583168013761926,0.017612556831257262,-0.022931112870440203,0.006929787213955226,17728.595127142857,-0.3632118541239768,105642.93,1
2025-05-31,104591.88,105866.91,103752.49,105642.93,9709.70006,106566.39714285715,104163.92833333333,0.010049059257754888,0.020215909686296853,-0.008665650407784829,0.014198789257771977,16585.68842857143,-0.4145735884394446,105857.99,1
2025-06-01,105642.93,105935.63,103659.88,105857.99,13453.98813,106055.42571428571,104497.31400000001,0.0020357254385126597,0.021541905359875952,-0.0018616276626676124,0.013021157653870338,16414.955885714287,-0.180382315757009,105376.89,0
2025-06-02,105858.0,106794.67,104872.5,105376.89,13259.52634,105546.67142857143,104867.28966666666,-0.0045448619849232045,0.018158004118725066,-0.001608591026826706,0.004859478441305785,15269.651598571427,-0.13164185479906343,104696.86,0
2025-06-03,105376.9,106000.0,104179.0,104696.86,14034.89482,105105.96857142856,105199.39566666666,-0.006453406771313197,0.0172808272021667,-0.003892343860097095,-0.004776982448254651,15041.238245714285,-0.06690562367769315,101508.68,0
2025-06-04,104696.86,105909.71,100372.26,101508.68,22321.50154,104522.95857142858,105355.21766666666,-0.03045153407657123,0.0528903159082327,-0.028838435235917066,-0.03651017720675904,15396.495442857142,0.44977807598128183,104288.44,1
2025-06-05,101508.69,105333.0,101095.8,104288.44,15839.07385,104566.23857142856,105597.14899999999,0.02738435497492875,0.041742239014216385,-0.002656675569704059,-0.012393412250173421,14272.577708571427,0.10975565685572067,105552.15,1
2025-06-06,104288.43,105900.0,103871.09,105552.15,8344.93206,104703.42,105673.50066666667,0.012117547459483293,0.019454794745687547,0.008106038943140501,-0.0011483547521479846,13851.945257142856,-0.3975624430296622,105734.0,1
2025-06-07,105552.15,106488.14,104964.14,105734.0,8048.06305,104716.43000000001,105765.56766666667,0.0017228450581064036,0.014438360563948722,0.009717386278351853,-0.00029846827623673295,13614.56854142857,-0.4088638927109533,110263.02,1
2025-06-08,105734.01,110530.17,105318.37,110263.02,19975.37451,105345.72,105947.35066666667,0.04283399447349069,0.049291613928195886,0.04667773878236347,0.04073409392662748,14546.195167142856,0.37323707543266366,110274.39,1
2025-06-09,110263.02,110400.0,108331.03,110274.39,17071.82839,106045.36285714286,106152.56366666665,0.00010311707406522461,0.01876395186709017,0.039879416024576224,0.038829267904225424,15090.809745714285,0.1312731839885738,108645.12,0
2025-06-10,110274.39,110392.01,108064.0,108645.12,13115.91638,106609.40000000001,106347.69033333333,-0.014774690660270295,0.021111066676496645,0.019095126696144864,0.021603004818117458,14959.527111428572,-0.12323990709707093,105671.73,0
2025-06-11,108645.13,108813.55,105671.72,105671.73,17778.67218,107204.12142857142,106399.95733333334,-0.027368000756223573,0.02891827733097656,-0.014294146606970122,-0.006844244599195922,14310.551488571431,0.24234710270937154,106066.59,1
2025-06-12,105671.74,106179.53,102664.31,106066.59,26180.81734,107458.14285714286,106485.24966666666,0.0037365713860677535,0.03326546908378722,-0.012949719957405355,-0.003931621214930703,15787.943415714286,0.658279146981318,105414.64,0
2025-06-13,106066.59,106252.0,104300.0,105414.64,8798.93969,107438.49857142857,106540.28066666666,-0.006146610351101107,0.018403533101233858,-0.018837368339460238,-0.010565399862127818,15852.80164857143,-0.44495995817919587,105594.01,1
2025-06-14,105414.63,106128.57,104494.53,105594.01,7164.20047,107418.5,106611.28433333334,0.0017016613348639568,0.01550107418676144,-0.016984876906678135,-0.009541901119516723,15726.535565714285,-0.5444514502215728,106794.53,1
2025-06-15,105594.02,108952.38,104980.37,106794.53,14922.6654,106923.00142857143,106733.547,0.011369109727994016,0.03761586120123099,-0.0012015321947097858,0.0005713573821358424,15004.71997857143,-0.005468584464662674,104551.17,0
2025-06-16,106794.53,107771.34,103371.02,104551.17,17866.33025,106105.39857142857,106670.11066666666,-0.02100631933114927,0.04120360846196891,-0.014647968834331128,-0.01986442737730101,15118.220244285712,0.18177470372235116,104886.78,1
2025-06-17,104551.17,105550.27,103500.0,104886.78,13968.64167,105568.49285714285,106647.21200000001,0.003210007119002117,0.019610206179423953,-0.006457540869370499,-0.016507060681530194,15240.038142857144,-0.08342475661407933,104658.59,0
2025-06-18,104886.79,105226.17,103929.27,104658.59,7678.60737,105423.75857142857,106574.16533333334,-0.002175679129850357,0.012364760138049742,-0.007258027808884654,-0.0179741058946319,13797.17174142857,-0.44346511633659275,103297.99,0
2025-06-19,104658.59,106524.65,102345.0,103297.99,16419.06283,105028.24428571427,106362.632,-0.013000366238452011,0.0399360434723991,-0.01647418080233123,-0.028813145579172885,12402.635382857143,0.3238366140065958,102120.01,0
2025-06-20,103297.98,103982.64,100837.9,102120.01,11154.21332,104557.58285714286,106043.42533333335,-0.011403611183877954,0.030443383307205092,-0.02331320972170255,-0.03699819504132972,12739.103044285714,-0.1244114062643237,100963.87,0
2025-06-21,102120.02,103399.62,98200.0,100963.87,28746.41072,103896.13428571427,105831.611,-0.011321482310716436,0.050916754618731914,-0.028223035494762048,-0.04599515167542908,15822.275937142856,0.8168315882115091,105333.93,1
2025-06-22,100963.87,106074.2,99613.33,105333.93,27666.50609,103687.47714285714,105750.67833333332,0.04328340425144161,0.06399190126131254,0.015878994286594755,-0.003940857306084629,17642.82460714286,0.5681449374494695,106083.0,1
2025-06-23,105333.94,106290.0,104622.02,106083.0,14651.69335,103906.31000000001,105653.30533333332,0.007111288156504899,0.015835161962041825,0.020948583392096088,0.004067025308020437,17183.590764285716,-0.14734390786051532,107340.58,1
2025-06-24,106083.0,108135.3,105808.03,107340.58,16701.15551,104256.85285714285,105583.49833333332,0.011854679826173862,0.021938199334483415,0.029578172161810874,0.01664163145190993,17573.949884285714,-0.0496640982836846,106947.06,0
2025-06-25,107340.59,108272.45,106562.5,106947.06,10573.27279,104583.77714285716,105517.128,-0.003666180705733021,0.01593013416453177,0.022597031028193715,0.013551657698643966,17987.473515714286,-0.4121868876825343,107047.59,1
2025-06-26,106947.06,107735.34,106356.76,107047.59,12232.44042,105119.43428571429,105492.655,0.0009399977895605437,0.012890302921838168,0.018342523695903692,0.014739746572877493,17389.3846,-0.2965570259455875,107296.79,1
2025-06-27,107047.58,107577.75,106811.51,107296.79,3282.17352,105858.9742857143,105549.55633333333,0.0023280302086230425,0.007157938554052368,0.013582369600568934,0.01655368082409341,16264.807485714287,-0.7982039736478406,108356.93,1
2025-06-28,107296.79,108528.5,107172.52,108356.93,6831.7364,106915.12571428572,105695.27133333334,0.009880444699230979,0.012637656727661619,0.013485503347461543,0.02518238170062053,13134.139725714287,-0.4798489628807065,107146.5,0
2025-06-29,108356.93,108789.99,106733.33,107146.5,9754.12491,107174.06428571428,105780.42533333335,-0.011170766835125294,0.01898041961875446,-0.00025719175528136906,0.012914248192535654,10575.228128571429,-0.07764401945647185,105681.14,0
2025-06-30,107146.51,107540.0,105250.85,105681.14,10505.62437,107116.6557142857,105781.69900000001,-0.013676320395316613,0.021364671607129286,-0.013401423940219759,-0.0009506275750024432,9982.932560000001,0.0523585436301894,108849.6,1
2025-07-01,105681.13,109730.0,105100.19,108849.6,17691.89592,107332.23,105881.41933333332,0.029981416739204066,0.043809240116944224,0.014137132900341397,0.02803306458635889,10124.466904285713,0.7474397503843855,109584.78,1
2025-07-02,108849.59,110529.18,108530.4,109584.78,13047.08225,107709.04714285713,106021.68233333335,0.0067541825375731996,0.01836277013078321,0.017414812468399574,0.033607254556329666,10477.868255714286,0.2452038841855593,107984.24,0
2025-07-03,109584.77,109767.59,107245.0,107984.24,11793.86615,107842.85428571429,106131.26166666666,-0.014605405477421715,0.023019530907442673,0.0013110346088497865,0.017459307505013146,10415.214788571428,0.13236898032495314,108198.12,1
2025-07-04,107984.25,108420.56,107756.31,108198.12,3736.9757,107971.61571428571,106354.243,0.001980566610408419,0.00615136003630159,0.002097813246711605,0.01733712683188383,10480.186528571428,-0.6434246957521096,109203.84,1
2025-07-05,108198.12,109700.0,107800.01,109203.84,6447.607,108092.60285714285,106518.08966666667,0.009295170747883616,0.017560286629749254,0.010280418025697659,0.025214030234094572,10425.310899999999,-0.3815429523545431,108262.94,0
2025-07-06,109203.85,109700.0,107513.2,108262.94,9405.37601,108252.0942857143,106608.44933333332,-0.008616088169052679,0.02002493501831669,0.00010018941764842213,0.015519320251001613,10375.489628571426,-0.09350051451065816,108922.98,1
2025-07-07,108262.94,109216.56,107429.57,108922.98,9216.0208,108715.21428571429,106714.74866666667,0.006096638424930947,0.016506017664031574,0.0019111006279183454,0.020692841063899643,10191.260547142856,-0.09569373117599927,111233.99,1
2025-07-08,108922.99,111999.79,108324.53,111233.99,17282.2865,109055.84142857142,106747.11433333332,0.02121682484111022,0.03374182071204614,0.019972782226940208,0.04203275839996733,10132.744915714286,0.7055878386120136,116010.0,1
2025-07-09,111234.0,116868.0,110500.0,116010.0,24883.450665,109973.73,106938.30133333334,0.04293651221748746,0.05724868295664994,0.05488829013983616,0.08483114612405909,11823.654689285715,1.104548155279664,117527.66,1
2025-07-10,116010.01,118869.98,115222.22,117527.66,25873.521148,111337.07571428572,107234.386,0.013082060763549704,0.03144349353991087,0.05560218144763046,0.09598855725252164,13835.033974714286,0.8701451109760883,117420.0,0
2025-07-11,117527.66,118200.0,116900.05,117420.0,8446.60437,112654.48714285715,107625.99500000001,-0.0009160396795103679,0.011060800495815173,0.0423020243401375,0.09100036659359097,14507.838070428572,-0.41779027798657525,119086.64,1
2025-07-12,117420.0,119488.0,117224.79,119086.64,9550.792947,114066.31571428572,108059.99666666666,0.014193834099812633,0.01927448475557832,0.044012329619633084,0.10204186260848495,14951.15034857143,-0.3612001267907408,119841.18,1
2025-07-13,119086.65,123218.0,118905.18,119841.18,27269.348877,115720.34999999999,108540.88133333334,0.006335974687338999,0.03621581428312919,0.035610244870500324,0.10411099051207251,17503.14647242857,0.5579683869957563,117758.09,0
2025-07-14,119841.17,119940.83,115736.92,117758.09,32018.46083,116982.50857142857,108946.35066666665,-0.017382006534148505,0.035079013330727694,0.006629892263746984,0.08088145476569318,20760.637905285716,0.5422676786751341,118630.43,1
2025-07-15,117758.08,120063.84,117017.29,118630.43,17039.90851,118039.14285714286,109340.88066666666,0.0074079842334385144,0.025871260808600166,0.005009246327489387,0.08495952544641716,20726.01247814286,-0.17784916283487395,119177.56,1
2025-07-16,118630.44,120998.71,117453.57,119177.56,15728.57651,118491.65142857142,109828.427,0.004611969744021815,0.029883898264222903,0.0057886658102832824,0.0851248921192325,19418.173313142855,-0.19000740922657305,117924.84,0
2025-07-17,119177.56,120820.71,116812.76,117924.84,19924.66266,118548.39142857143,110263.029,-0.01051137479236864,0.033630072641191944,-0.005259889409356829,0.06948667263621065,18568.336386285715,0.0730451153780286,117840.0,0
2025-07-18,117924.84,118499.9,117277.34,117840.0,6635.80306,118608.39142857143,110702.40933333333,-0.0007194412983727305,0.010367281397201791,-0.006478390098007268,0.06447547717931636,18309.650484857142,-0.6375789332795789,117265.12,0
2025-07-19,117840.01,118856.8,116467.02,117265.12,12962.92889,118348.17428571428,111167.98033333334,-0.004878563740787187,0.02027986929057456,-0.009151423689051544,0.05484618546081878,18797.098476714284,-0.3103760718145736,117380.36,1
2025-07-20,117265.11,119676.73,116515.0,117380.36,17107.33128,117996.62857142858,111676.65866666666,0.0009828157752975288,0.026962239663613465,-0.005222764233941833,0.0510733523140032,17345.381677142857,-0.013724137154995755,119954.42,1
2025-07-21,117380.36,120247.8,116128.0,119954.42,20959.12973,118310.39,112309.67699999998,0.021929222231044425,0.03509786475352438,0.013895905507538255,0.06806842655241559,15765.477234285714,0.32943198728037715,118755.99,0
2025-07-22,119954.43,120090.0,117301.0,118755.99,14558.75083,118328.32714285715,112757.079,-0.009990794004022927,0.023250496042538822,0.003614205215852871,0.05320207878034875,15411.026137142859,-0.05530295643901011,118340.99,0
2025-07-23,118756.0,119450.0,117103.1,118340.99,15806.89043,118208.81714285715,113165.67866666666,-0.00349464448112091,0.019762369901310202,0.0011181302743527245,0.04573216362336677,15422.21384,0.02494302011312269,117614.31,0
2025-07-24,118340.98,118451.57,114723.16,117614.31,38406.34873,118164.45571428571,113508.13633333333,-0.006140476443578533,0.03150565425434202,-0.004655763113875198,0.036175148313670545,18062.454707142857,1.1263083757276957,117919.99,1
2025-07-25,117614.31,118297.35,117138.38,117919.99,6991.67206,118175.88285714285,113873.90066666667,0.0025990034716014366,0.009853988005371125,-0.0021653560012086146,0.03553131410837597,18113.293135714284,-0.6140032622662964,119415.55,1
2025-07-26,117919.99,119766.65,117825.5,119415.55,9328.30919,118483.08714285714,114286.166,0.012682836896441372,0.0164615855208264,0.007870008113635453,0.04488193260416143,17594.06175,-0.4698035438007941,118062.32,0
2025-07-27,119415.56,119800.0,117427.5,118062.32,13961.74754,118580.51,114645.017,-0.011332191550246808,0.019867595144217386,-0.004369942412964726,0.029807688894145305,17144.692644285715,-0.185651919828763,117950.76,0
2025-07-28,118062.32,119273.36,116950.75,117950.76,15137.93445,118294.27285714286,114964.81133333333,-0.0009449246804570012,0.019672745715991355,-0.0029038840921547025,0.025972718365179503,16313.093318571428,-0.07203777025130989,117840.3,0
2025-07-29,117950.75,118792.0,115796.23,117840.3,15586.73631,118163.45999999999,115321.27133333334,-0.0009364077803659331,0.02539848199354395,-0.00273485559749172,0.021843573501591686,16459.948387142857,-0.05305071781542991,115764.08,0
2025-07-30,117840.29,118922.45,115500.0,115764.08,17010.0073,117795.32999999999,115657.36933333332,-0.01761884666101884,0.029043122687495062,-0.017243892436143146,0.0009226447677461194,16631.822225714284,0.02273864337613042,113297.93,0
2025-07-31,115764.07,116052.0,112722.58,113297.93,24487.10206,117178.7042857143,115805.64700000001,-0.021303155633695444,0.028760391717395545,-0.03311842633326866,-0.021654531233697254,14643.358415714287,0.6722326507915054,112546.35,0
2025-08-01,113297.92,114063.49,112003.0,112546.35,11507.33428,116411.04142857144,115904.366,-0.006633572796393724,0.01818647685676847,-0.03319866724964198,-0.028972299455915135,15288.453018571428,-0.24731859619664395,114208.8,1
2025-08-02,112546.35,114799.97,111920.0,114208.8,7397.76046,115667.22,116111.85133333334,0.014771247579330623,0.025589190586811576,-0.0126087581252493,-0.016389811302466153,15012.660342857143,-0.5072318768925075,115055.03,1
2025-08-03,114208.81,115720.0,114107.6,115055.03,9667.67916,115237.60714285714,116340.41500000001,0.0074094108852022994,0.014118000178795264,-0.0015843538180275632,-0.011048482163313661,14399.222002857145,-0.3285971173941408,114129.75,0
2025-08-04,115055.03,115127.81,112650.0,114129.75,12042.79078,114691.74857142857,116504.61200000001,-0.008042064740672344,0.021535868531779946,-0.004900078501101294,-0.020384274572752607,13957.058621428572,-0.13715410197457767,114992.27,1
2025-08-05,114129.75,115716.0,113355.13,114992.27,9761.15318,114284.88714285714,116728.923,0.007557363439418767,0.020685842210291315,0.00618964479755425,-0.01487765804195753,13124.832460000001,-0.2562835975431569,117472.01,1
2025-08-06,114992.27,117621.0,114259.0,117472.01,13468.56263,114528.87714285715,117013.89066666666,0.02156440602485707,0.02923674782661478,0.02569773606940842,0.003915085044376178,12618.911792857145,0.06733154578541352,116674.74,0
2025-08-07,117472.02,117630.0,115878.71,116674.74,10045.31278,115011.27857142857,117195.24900000001,-0.006786977869283246,0.014908145786545542,0.014463463490133532,-0.0044413831144298815,10555.799038571427,-0.048360740547076016,116462.25,0
2025-08-08,116674.74,117944.05,116299.13,116462.25,9514.13144,115570.69285714286,117210.32400000001,-0.0018212168289383395,0.014098338680677567,0.007714387798636782,-0.006382321748381207,10271.055775714285,-0.0736948909871582,119294.01,1
2025-08-09,116462.25,119311.11,116460.63,119294.01,14322.77073,116297.15142857142,117269.20233333333,0.024314831629991648,0.02447557041015433,0.025768976579527092,0.01726632079334197,11260.342957142857,0.2719657637882628,118686.0,0
2025-08-10,119294.27,122335.16,118050.11,118686.0,26494.33429,116815.86142857143,117311.40233333333,-0.005098903744496731,0.03591999850453842,0.016009286312305217,0.011717511165375309,13664.150832857142,0.9389667615708027,120134.08,1
2025-08-11,118686.0,120324.43,118207.47,120134.08,16720.10893,117673.62285714287,117346.31700000001,0.012200933555769018,0.01783664459161141,0.020909164544412467,0.02375671492101445,14332.33914,0.16660014577355295,123306.43,1
2025-08-12,120134.09,123667.79,118920.92,123306.43,23210.07102,118861.36,117461.82533333334,0.0264066594253138,0.03951309740640642,0.03739709860294373,0.04975748205922072,16253.613117142855,0.427994554362814,118295.09,0
2025-08-13,123306.44,124474.0,117180.0,118295.09,27980.947586,118978.94285714286,117479.72533333334,-0.04064142959605359,0.05915343918776667,-0.005747679721477762,0.006940471339656017,18326.810967999998,0.5267766789790572,117342.05,0
2025-08-14,118295.09,119216.82,116803.99,117342.05,13623.33874,119074.27285714286,117436.77933333332,-0.00805646286756275,0.02039670454623266,-0.014547414950171972,-0.000806641104014284,18837.957533714285,-0.2768144468094105,117380.66,1
2025-08-15,117342.04,117898.99,117143.98,117380.66,6393.68117,119205.4742857143,117376.88266666667,0.0003291233048275784,0.006434266866333749,-0.015308141649103636,3.218123745932753e-05,18392.178923714288,-0.6523695644480605,117405.01,1
2025-08-16,117380.66,118575.0,117172.21,117405.01,5898.64192,118935.61714285715,117359.555,0.0002074447357851904,0.011950776218160587,-0.012869207556376498,0.00038731401120259656,17188.73195085714,-0.6568308856718279,116227.05,0
2025-08-17,117405.01,117543.75,114640.14,116227.05,17745.93954,118584.33857142857,117305.79000000001,-0.010033302667407396,0.02473156809918078,-0.01987858261745641,-0.009195965518837605,15938.961272285715,0.1133686340562365,112872.94,0
2025-08-18,116227.05,116725.69,112732.58,112872.94,18065.47424,117547.03285714287,117159.384,-0.028858256318129046,0.0343561158955682,-0.03976359711966001,-0.03658643340084481,16131.156316571429,0.11991191985669737,114271.24,1
2025-08-19,112872.95,114615.38,112380.0,114271.24,15636.34194,116256.29142857144,117055.74666666667,0.012388176263666433,0.019804390688823184,-0.017074787129185677,-0.023787868139408457,15049.195019428571,0.03901517123098081,112500.0,0
2025-08-20,114271.23,114821.76,112015.67,112500.0,10839.69235,115428.42142857144,116807.26600000002,-0.01550022696001431,0.024556399716709067,-0.02537002059222983,-0.03687498344495125,12600.44427142857,-0.13973728890028625,116935.99,1
2025-08-21,112500.0,117429.05,111684.79,116935.99,23128.09037,115370.41285714286,116746.59933333333,0.03943102222222227,0.05106008888888897,0.01357000555069278,0.0016222371165255768,13958.265932857144,0.6569458184313206,115438.05,0
2025-08-22,116936.0,117030.0,114560.0,115438.05,11329.36197,115092.89714285715,116649.83466666666,-0.012809998631730152,0.021122665389614832,0.0029989066720115193,-0.010388224467950603,14663.36319,-0.2273694770292326,113493.59,0
2025-08-23,115438.06,115666.68,110680.0,113493.59,21175.98462,114534.12285714285,116512.47733333334,-0.016844271291461422,0.04319788464913559,-0.009084915754239456,-0.02591042094741956,16845.840718571428,0.2570452833888471,110111.98,0
2025-08-24,113493.59,113667.28,109274.1,110111.98,25182.79379,113660.54142857144,116252.21033333334,-0.029795603434519966,0.03870861781709428,-0.031220697913017507,-0.05281818139824851,17908.24846857143,0.40621199410959885,111763.22,1
2025-08-25,110111.98,112371.0,108666.66,111763.22,18452.43877,113502.01,115997.13266666667,0.014996006792358154,0.03364157106247655,-0.015319464386577768,-0.03650014935139291,17963.529115714286,0.027216793044192115,111262.01,0
2025-08-26,111763.22,112625.0,110345.42,111262.01,13392.60875,113072.12,115770.45566666666,-0.0044845701474958075,0.020396513271539615,-0.01600845548840864,-0.03894297245963735,17642.995802857142,-0.24091073309493313,112566.9,1
2025-08-27,111262.01,113485.9,110862.42,112566.9,11104.27744,113081.67714285714,115590.99366666666,0.011728082208833002,0.023579297192276107,-0.004552259533671582,-0.026162018084102127,17680.793672857144,-0.37195820247329464,108377.4,0
2025-08-28,112566.9,112638.64,107463.9,108377.4,22580.31045,111859.02142857142,115275.56366666665,-0.03721786777463002,0.04597035185298703,-0.031125083914618757,-0.05984064139225154,17602.539398571425,0.2827870989928054,108816.33,1
2025-08-29,108377.4,108926.15,107350.1,108816.33,10708.39159,110913.06142857143,115043.97200000001,0.004050014117334496,0.014542238510980965,-0.018904278734761366,-0.054132710230137104,17513.829344285714,-0.38857508660755247,108246.35,0
2025-08-30,108816.33,109480.02,108076.93,108246.35,9489.51596,110163.45571428571,114875.586,-0.00523800058318449,0.012894112492123296,-0.017402374515717894,-0.05770796242118835,15844.33382142857,-0.4010782613551121,109237.42,1
2025-08-31,108246.36,109912.4,107255.0,109237.42,16053.60219,110038.51857142858,114765.28833333333,0.009155596548465903,0.024549555292205615,-0.007280164998845983,-0.04816672718390038,14540.163592857143,0.10408676542582597,111240.01,1
2025-09-01,109237.43,111771.52,108393.39,111240.01,18510.28756,109963.77428571429,114666.32866666667,0.01833236098652268,0.030924656502812314,0.011605964987794228,-0.02988077412530518,14548.427705714286,0.2723222010258598,111705.71,1
2025-09-02,111240.01,112575.27,110528.71,111705.71,11773.72084,110027.16,114554.68466666667,0.0041864433489354385,0.01839769701566907,0.015255778664104417,-0.02486999702331389,14317.158004285713,-0.17764958405322887,110730.87,0
2025-09-03,111705.72,112180.0,109329.12,110730.87,12203.13536,109764.87,114441.38866666665,-0.008726947912783748,0.025521343043131584,0.008800629928318596,-0.03242287348919088,14474.137707142856,-0.15690070062150485,110659.99,0
2025-09-04,110730.87,113384.62,110206.96,110659.99,21587.40888,110090.95428571428,114296.97933333334,-0.000640110567179596,0.028697146513885323,0.005168778106954464,-0.0318205201445131,14332.294625714285,0.5062074457546353,110187.97,0
2025-09-05,110660.0,111307.7,109977.0,110187.97,5000.29897,110286.90285714285,114054.178,-0.004265588288451101,0.012025121995300895,-0.0008970499178039179,-0.033897995389524434,13516.852822857143,-0.6300692893878048,111137.34,1
2025-09-06,110187.98,111600.0,110180.0,111137.34,5681.29944,110699.90142857144,113869.598,0.008615821798348609,0.012887068081291626,0.003951571462878086,-0.02399462233984528,12972.821891428572,-0.5620614013244289,112065.23,1
2025-09-07,111137.35,112924.37,110621.78,112065.23,11582.40211,111103.87428571428,113723.03066666666,0.008348948395836234,0.02071841734574377,0.008652764995516706,-0.014577528025311237,12334.079022857142,-0.060943092018800625,111546.39,0
2025-09-08,112065.23,113293.29,110766.66,111546.39,15379.28248,111147.64285714286,113464.77666666666,-0.004629803552805777,0.02254606535854154,0.0035875447522503985,-0.01690733215209541,11886.792582857142,0.2938126389266391,113960.0,1
2025-09-09,111546.38,114313.13,110917.45,113960.0,17517.41823,111469.68428571429,113307.24333333333,0.021637815588457423,0.030441866423634792,0.022340744304098315,0.005760943850221061,12707.32078142857,0.37852963117144767,115482.69,1
2025-09-10,113960.0,115488.09,113430.0,115482.69,13676.73119,112148.5157142857,113152.197,0.013361618111618132,0.018059757809757777,0.029729990312208673,0.020596091474918532,12917.834471428572,0.05874798289527103,116029.42,1
2025-09-11,115482.69,116665.63,114740.99,116029.42,15324.10719,112915.57714285715,112909.62999999999,0.004734302604139165,0.01666604752625696,0.02757673419322224,0.027630858413051292,12023.077087142858,0.27455784230038516,115918.29,0
2025-09-12,116029.41,116298.78,115127.27,115918.29,8269.40394,113734.19428571429,112830.40333333334,-0.0009576882274934423,0.01009666428537381,0.01920350979758111,0.02736750534821857,12490.092082857142,-0.33792290039639544,115268.01,0
2025-09-13,115918.29,116165.19,115135.0,115268.01,6707.60197,114324.29,112761.26866666667,-0.005609813602322799,0.008887208394809847,0.008254763707695024,0.022230517295291317,12636.70673,-0.46919698990276404,115349.71,1
2025-09-14,115268.01,116757.99,114384.0,115349.71,13212.51149,114793.50142857143,112693.57033333332,0.0007087829485389021,0.020595393292553634,0.004845296680619776,0.023569575964362113,12869.57949857143,0.026646713007727897,116788.96,1
2025-09-15,115349.71,116964.27,114737.11,116788.96,10926.9094,115542.43999999999,112673.03533333333,0.012477274541912588,0.019307894228776157,0.010788416792998475,0.03652981083264571,12233.52620142857,-0.10680622903934191,116447.59,0
2025-09-16,116788.96,117286.73,114720.81,116447.59,16754.2454,115897.80999999998,112680.38666666667,-0.0029229646363835237,0.02197056982098306,0.004743661679198368,0.033432644711075925,12124.501511428572,0.38185024631383185,117073.53,1
2025-09-17,116447.6,117900.0,116092.76,117073.53,11657.23365,116125.07285714286,112820.40633333333,0.0053752073894180125,0.015519770265767651,0.008167548312533064,0.03769817717284768,11836.001862857143,-0.01510376687402697,115632.38,0
2025-09-18,117073.53,117459.99,115100.0,115632.38,8992.09065,116068.35285714285,112865.77766666668,-0.012309785141013465,0.020158186056233252,-0.0037561733789695326,0.024512322428717963,10931.428071428572,-0.17740933835510572,115685.63,1
2025-09-19,115632.39,116121.81,115408.47,115685.63,4674.92752,116035.11571428573,112971.96533333334,0.0004604246266984989,0.006169032742469446,-0.0030118961155368128,0.024020690962220287,10417.93144,-0.5512614431257958,115232.29,0
2025-09-20,115685.63,115819.06,115188.0,115232.29,4511.52219,116030.01285714286,112915.17533333333,-0.003918723526854727,0.00545495581430466,-0.006875142366182744,0.020520843720309337,10104.205757142858,-0.5535005621980018,112650.99,0
2025-09-21,115232.29,115379.25,111800.0,112650.99,20781.71356,115644.48142857142,112822.27333333335,-0.02240083920921808,0.031061172176652916,-0.025885294236200698,-0.0015181694914734045,11185.520338571429,0.8579120980485527,111998.8,0
2025-09-22,112650.99,113290.5,111458.73,111998.8,12301.3203,114960.17285714285,112772.44699999999,-0.005789474198140667,0.01626057613874502,-0.02575998959937934,-0.006860248408017454,11381.864752857144,0.08078250507343698,113307.0,1
2025-09-23,111998.8,113940.0,111042.66,113307.0,12369.25967,114511.51714285715,112878.94766666666,0.011680482290881661,0.025869384314831913,-0.010518742331869299,0.003792136108474237,10755.43822,0.15004701965551334,108994.49,0
2025-09-24,113307.01,113510.23,108631.51,108994.49,21231.14957,113357.36857142858,112786.65666666668,-0.038060487166680944,0.043057530156342505,-0.03848782506520029,-0.03362247608663641,12123.140494285715,0.7512912252404712,109643.46,1
2025-09-25,108994.49,110300.0,108620.07,109643.46,14243.01591,112501.80857142857,112732.705,0.005954154196235068,0.015412980968120434,-0.025407134407210603,-0.02740327219150818,12873.272674285716,0.1064020991686394,109635.85,0
2025-09-26,109643.46,109743.91,109064.4,109635.85,5501.78643,111637.55428571429,112635.00333333334,-6.940678449950943e-05,0.006197451266131234,-0.017930384614045856,-0.026627187326994664,12991.395375714286,-0.5765053505888312,112163.95,1
2025-09-27,109635.85,112350.0,109189.99,112163.95,7542.3316,111199.22,112761.22166666666,0.023059063253488627,0.028822780139890324,0.008675690351065376,-0.005296782509436281,13424.36814857143,-0.4381611472117869,114311.96,1
2025-09-28,112163.96,114400.0,111560.65,114311.96,15541.12005,111436.50142857143,112944.40933333334,0.019150536411160945,0.025314280986513008,0.025803561082467133,0.012108174939678546,12675.711932857143,0.2260550044305863,114048.93,0
2025-09-29,114311.97,114792.0,112656.27,114048.93,15044.15633,111729.37714285715,113137.82866666667,-0.0023010713576190503,0.018683345234974044,0.020760456349605032,0.00805302120493814,13067.545651428572,0.15126105018468713,118594.99,1
2025-09-30,114048.94,118649.1,113966.67,118594.99,20036.39516,112484.8042857143,113449.74766666668,0.03986051952784483,0.04105632196143171,0.054320099084367655,0.045352611523217,14162.850721428573,0.41471484477942566,120529.35,1
2025-10-01,118594.99,121022.07,118279.31,120529.35,19670.83503,114132.64142857144,113759.39233333335,0.01631063841735642,0.023127115234800467,0.05604626767033923,0.05951119751791208,13939.948644285714,0.41111244610384545,122232.0,1
2025-10-02,120529.35,123894.99,119248.3,122232.0,23936.328,115931.00428571428,114110.26866666666,0.014126434764644414,0.0385523526012544,0.05435125618990401,0.07117441250671444,15324.707514285712,0.5619435462429887,122391.0,1
2025-10-03,122232.21,122800.0,121510.0,122391.0,8208.16678,117753.16857142858,114498.93966666669,0.0012990847502470388,0.010553683026757021,0.03938604357604293,0.06892692942230692,15711.333278571428,-0.47756395752898595,123482.31,1
2025-10-04,122390.99,125708.42,122136.0,123482.31,22043.097553,119370.07714285713,114926.35033333332,0.008916669437840093,0.029188586512781684,0.03444944458083509,0.07444732771771576,17782.87127185714,0.23956908960393916,124658.54,1
2025-10-05,123482.32,126199.63,123084.0,124658.54,19494.628793,120848.16,115408.70266666666,0.009525412220955895,0.025231385351360457,0.03153031043252946,0.08014852536770563,18347.658235142855,0.06251318523364759,121332.95,0
2025-10-06,124658.54,125126.0,120574.94,121332.95,21633.99385,121888.7342857143,115748.55633333333,-0.02667759465175829,0.03650820874366087,-0.004559767471303018,0.04824590339239051,19289.063595142856,0.12156786374262439,123306.0,1
2025-10-07,121332.96,124197.25,121066.14,123306.0,17012.618,122561.7357142857,116123.24866666667,0.016261368716299292,0.025805931051216424,0.006072566461112396,0.06185455036615034,18857.09542942857,-0.09781344302633485,121662.4,0
2025-10-08,123306.01,123762.94,119651.47,121662.4,21559.36007,122723.59999999999,116460.44900000001,-0.013329520596765726,0.033343630209103366,-0.008647073586498417,0.04466710410845132,19126.884720857142,0.12717572070115182,112774.5,0
2025-10-09,121662.41,122550.0,102000.0,112774.5,64171.93927,121372.52857142857,116420.93233333335,-0.07305387095323858,0.1689100191258746,-0.0708399888560332,-0.03132110575178161,24874.829188,1.5797941680322183,110644.4,0
2025-10-10,112774.49,113322.39,109561.59,110644.4,35448.51652,119694.44285714286,116259.65599999999,-0.01888804817472472,0.03334796725748884,-0.07560954912455065,-0.04829926556810038,28766.307722285714,0.23229289146960877,114958.8,1
2025-10-11,110644.4,115770.0,109565.06,114958.8,32255.30272,118476.79857142856,116223.96866666667,0.038993387826225356,0.05608001850974837,-0.02969356543937663,-0.010885608891012841,30225.19417471429,0.06716610432842328,115166.0,1
2025-10-12,114958.81,115963.81,113616.5,115166.0,22557.24033,117120.72142857141,116198.89233333334,0.001802297709936301,0.020418704751728012,-0.016689800103080337,-0.008889003264939356,30662.710108571428,-0.26434290217242185,113028.14,0
2025-10-13,115166.0,115409.96,109866.0,113028.14,31870.32974,115934.31999999999,116124.23,-0.018563291249153402,0.0481388604275568,-0.025067469236029444,-0.02666187754269713,32125.043807142854,-0.007928831744852557,110763.28,0
2025-10-14,113028.13,113612.35,110164.0,110763.28,22986.48811,114142.50285714286,115971.349,-0.02003793215016479,0.030508776885895622,-0.029605298399424315,-0.044908238499493554,32978.45382285714,-0.3029846628507422,108194.28,0
2025-10-15,110763.28,111982.45,107427.0,108194.28,29857.17252,112218.48571428572,115684.85966666667,-0.02319360712322712,0.04112779975457568,-0.03586045283601105,-0.06474987036549089,34163.85560142857,-0.12605963248622576,106431.68,0
2025-10-16,108194.27,109240.0,103528.23,106431.68,37920.66838,111312.36857142857,115350.996,-0.01629097363474065,0.05279179756931678,-0.04384677672451703,-0.07732326819267349,30413.674045714288,0.24682957813653414,107185.01,1
2025-10-17,106431.68,107499.0,106322.2,107185.01,11123.18766,110818.17,115021.37866666666,0.007078061719969109,0.011056858258744041,-0.03278487634293188,-0.06812967082733856,26938.627065714285,-0.5870915161019151,108642.78,1
2025-10-18,107185.0,109450.07,106103.36,108642.78,15480.66423,109915.88142857143,114788.392,0.013600597098474589,0.031223678686383417,-0.01158250665895588,-0.05353861913145371,24542.250138571428,-0.3692239243511716,110532.09,1
2025-10-19,108642.77,111705.56,107402.52,110532.09,19193.4416,109253.89428571428,114616.60733333332,0.017390204612787324,0.039607237554786144,0.011699314909023309,-0.03563634824275107,24061.70746285714,-0.20232420622568206,108297.67,0
2025-10-20,110532.09,114000.0,107473.72,108297.67,37228.01659,108578.11285714286,114385.45333333334,-0.020215124856500934,0.05904421059983575,-0.0025828672995250805,-0.05322165673980229,24827.09129857143,0.49949166989779936,107567.44,0
2025-10-21,108297.66,109163.88,106666.69,107567.44,28610.78451,108121.56428571428,114216.00166666666,-0.006742712631094718,0.023058577627623738,-0.0051250117344768505,-0.05821042209190736,25630.562212857145,0.11627611881443152,110078.18,1
2025-10-22,107567.45,111293.61,107500.0,110078.18,17573.09294,108390.69285714286,114151.981,0.02334098279730528,0.03526726718909857,0.015568561270119522,-0.035687519080374146,23875.693701428572,-0.2639756080072122,111004.89,1
2025-10-23,110078.19,112104.98,109700.01,111004.89,15005.16913,109044.00857142858,114075.244,0.008418561388046052,0.02184783379886607,0.017982477480979205,-0.026915164871354615,20602.05095142857,-0.2716662450075377,111646.27,1
2025-10-24,111004.9,111943.19,110672.86,111646.27,6407.96864,109681.33142857144,114163.63666666667,0.005777853049730327,0.011443909232835683,0.017914977378882393,-0.022050512231112953,19928.448234285715,-0.6784511987754537,114559.4,1
2025-10-25,111646.27,115466.8,111260.45,114559.4,13454.47737,110526.56285714285,114327.50133333333,0.026092497313165857,0.0376756876875511,0.03648749258646213,0.0020283716862711508,19638.99296857143,-0.3149100164386535,114107.65,0
2025-10-26,114559.41,116400.0,113830.01,114107.65,21450.23241,111037.35714285714,114476.56133333333,-0.0039434560635395145,0.022433687463997983,0.027650990046464343,-0.003222592721484178,19961.391655714287,0.07458601985095098,112898.45,0
2025-10-27,114107.65,116086.0,112211.0,112898.45,15523.42257,111694.61142857141,114501.04466666668,-0.01059701080514757,0.03395916049449796,0.010777946724837633,-0.01399633227218258,16860.735367142857,-0.07931521182337799,110021.29,0
2025-10-28,112898.44,113643.73,109200.0,110021.29,21079.71376,112045.16142857143,114358.02233333333,-0.02548440881911219,0.03936041986054011,-0.01806299712336665,-0.037922414578773746,15784.868117142856,0.33543806660676345,108322.88,0
2025-10-29,110021.3,111592.0,106304.34,108322.88,25988.82838,111794.40428571428,114167.15400000001,-0.01543719261633882,0.04806033013607368,-0.03105275534938276,-0.05119050265543104,16987.116037142856,0.5299141021450975,109608.01,1
2025-10-30,108322.87,111190.0,108275.28,109608.01,21518.20439,111594.84999999999,113867.58799999999,0.011863976646852133,0.026907706562796955,-0.017804047408997787,-0.037408169214930544,17917.549645714284,0.2009568727578193,110098.1,1
2025-10-31,109608.01,110564.49,109394.81,110098.1,7378.50431,111373.68285714285,113519.87966666667,0.004471297307560014,0.010671482859692532,-0.011453180180626797,-0.03014255896600832,18056.19759857143,-0.5913589076703629,110540.68,1
2025-11-01,110098.1,111250.01,109471.34,110540.68,12107.00087,110799.58,113130.169,0.004019869552698794,0.016155319664916998,-0.0023366514566211236,-0.022889464613104232,17863.700955714285,-0.3222568548357174,106583.04,0
2025-11-02,110540.69,110750.0,105306.56,106583.04,28681.18779,109724.6357142857,112603.23700000001,-0.03580265330350307,0.0492437671594053,-0.028631634945375215,-0.05346380051223584,18896.694581428572,0.5177886093469226,101497.22,0
2025-11-03,106583.05,107299.0,98944.36,101497.22,50534.87376,108095.88857142857,111870.40066666667,-0.04771706195309668,0.07838619743007917,-0.061044584198669524,-0.09272498002018419,23898.330465714283,1.114577578232915,103885.16,1
2025-11-04,101497.23,104534.74,98966.8,103885.16,33778.77571,107219.29857142856,111177.95466666667,0.023527046009038943,0.05485804883542145,-0.03109644080731775,-0.06559569015756674,25712.482172857148,0.313711196099841,101346.04,0
2025-11-05,103885.16,104200.0,100300.95,101346.04,25814.62139,106222.60714285714,110511.72433333333,-0.024441604556416044,0.037532309715843946,-0.045908938539784956,-0.08293856953753746,25687.59546,0.0049450299930875585,103339.08,1
2025-11-06,101346.04,104096.36,99260.86,103339.08,32059.50942,105327.0457142857,109846.16033333333,0.019665691920473738,0.04771276707012924,-0.01887421887516277,-0.05923812278542364,27193.49617857143,0.17894033225720363,102312.94,0
2025-11-07,103339.09,103406.22,101454.0,102312.94,12390.77985,104214.88,109201.17833333333,-0.009929930677732833,0.018891399179148966,-0.018250176942102722,-0.06307842496266099,27909.535541428573,-0.5560377623766874,104722.96,1
2025-11-08,102312.95,105495.62,101400.0,104722.96,16338.97096,103383.77714285713,108932.79366666666,0.023555278193034306,0.04003031874264201,0.012953510639221243,-0.03864615534922119,28514.10269714286,-0.42698631854064334,106011.13,1
2025-11-09,104722.95,106670.11,104265.02,106011.13,22682.25673,103302.07571428572,108778.35133333334,0.012300837590996124,0.022966217051754143,0.02622458713421234,-0.025439081392708746,27657.112545714288,-0.17987618221140675,103058.99,0
2025-11-10,106011.13,107500.0,102476.09,103058.99,24196.50718,103525.18571428572,108381.691,-0.02784745337588609,0.04739040136634713,-0.004503210605893963,-0.04911070265548819,23894.488748571428,0.01263966911393445,101654.37,0
2025-11-11,103059.0,105333.33,100813.59,101654.37,20457.63906,103206.50142857143,107931.30333333332,-0.013629377346956642,0.043855849561901486,-0.015039085785168804,-0.058156745443420976,21991.469227142858,-0.0697465981604237,99692.02,0
2025-11-12,101654.37,104085.01,98000.4,99692.02,36198.50771,102970.21285714286,107486.766,-0.019304138130018328,0.05985586256645928,-0.031836322040927546,-0.07251819261173044,23474.881558571426,0.5420102384620029,94594.0,0
2025-11-13,99692.03,99866.02,94012.45,94594.0,47288.14481,101720.91571428571,106947.79,-0.05113778904893399,0.058716529295270714,-0.07006342465795172,-0.11551234485537283,25650.4009,0.8435635760375191,95596.24,1
2025-11-14,94594.0,96846.68,94558.49,95596.24,15110.89391,100761.38714285714,106527.85533333334,0.01059517516967255,0.024189589191703362,-0.05126117542957317,-0.10261743559116554,26038.98862285714,-0.4196819957617098,94261.44,0
2025-11-15,95596.23,96635.11,93005.55,94261.44,23889.4051,99266.88428571429,106122.18066666667,-0.013962789118357426,0.03796760604471534,-0.05042410993083451,-0.11176495424572597,27117.62207142857,-0.11904498716463253,92215.14,0
2025-11-16,94261.45,96043.0,91220.0,92215.14,39218.59806,97296.02857142859,105623.18500000001,-0.021708874624780307,0.051166197846521565,-0.052220924595072445,-0.12694225230947173,29479.956547142854,0.33034789238184936,92960.83,1
2025-11-17,92215.14,93836.01,89253.78,92960.83,39835.14769,95853.43428571429,105100.45333333334,0.008086416178514747,0.049690647327542914,-0.03017736721975119,-0.11550495690852716,31714.04804857143,0.25607262841346384,91554.96,0
2025-11-18,92960.83,92980.22,88608.0,91554.96,32286.6376,94410.66142857143,104467.88233333334,-0.0151232513737237,0.04703292773956516,-0.030247658319097488,-0.12360662478187436,33403.90498285714,-0.03344720874492128,86637.23,0
2025-11-19,91554.96,93160.0,86100.0,86637.23,39733.19073,92545.69142857144,103745.86766666667,-0.05371341978632299,0.0771121520887563,-0.06384372235342489,-0.16490910001000111,33908.8597,0.17176428465979943,85129.43,0
2025-11-20,86637.22,87498.94,80600.0,85129.43,72256.12679,91193.61,102997.934,-0.01740349009351879,0.07963020974126366,-0.06649786097951389,-0.17348410114711624,37475.71426857143,0.9280787091120704,84739.74,0
2025-11-21,85129.42,85620.0,83500.0,84739.74,14193.93263,89642.68142857144,102153.31933333333,-0.004577500939158202,0.024903259061320987,-0.054694274540171624,-0.17046513463269478,37344.7198,-0.6199212979501322,86830.0,1
2025-11-22,84739.75,88127.64,84667.57,86830.0,19734.46418,88581.04714285713,101347.48966666666,0.024666700102372263,0.04083172301074752,-0.01976774038393529,-0.14324468928056228,36751.15681142857,-0.4630246802499795,88300.01,1
2025-11-23,86830.0,89228.0,85272.0,88300.01,24663.12795,88021.74285714285,100569.28099999999,0.01692974778302424,0.045560290222273404,0.0031613455246934756,-0.12199819744162231,34671.80393857143,-0.28866902934453476,87369.96,0
2025-11-24,88300.01,88519.99,86116.0,87369.96,19567.0411,87223.04714285713,99662.96633333333,-0.010532841389259055,0.02722525172986963,0.0016843352984705336,-0.12334578013881368,31776.360139999997,-0.3842264811390698,90484.02,1
2025-11-25,87369.97,90656.08,86306.77,90484.02,21675.82239,87070.05571428571,98875.512,0.03564210906790975,0.04978037648404821,0.03920939590204208,-0.08486926469720832,30260.529395714286,-0.2836932194229924,91333.95,1
2025-11-26,90484.01,91950.0,90089.91,91333.95,16833.50932,87741.0157142857,98156.69533333332,0.009393261859194816,0.020557112798161758,0.04094931266141362,-0.06950871064030585,26989.146337142854,-0.37628596659859964,90890.7,0
2025-11-27,91333.94,93092.0,90180.63,90890.7,18830.86012,88564.05428571427,97519.009,-0.004852960465737109,0.03187610213683977,0.026270767898449995,-0.06796940481624468,19356.965384285715,-0.027179118929086598,90802.44,0
2025-11-28,90890.71,91165.65,90155.47,90802.44,7429.88291,89430.15428571428,96934.99433333334,-0.0009711663601263987,0.011114227185594577,0.01534477632568432,-0.06326460712676302,18390.672567142858,-0.5959972163674766,90360.0,0
2025-11-29,90802.44,92000.01,90336.9,90360.0,9687.74175,89934.43999999999,96293.39400000001,-0.004872556288135014,0.018315697243378046,0.004731891364420708,-0.06161787173064036,16955.426505714287,-0.42863473550871434,86286.01,0
2025-11-30,90360.01,90417.0,83822.76,86286.01,34509.01227,89646.72571428573,95499.65766666667,-0.045086316391509916,0.07297741556248175,-0.03748843794916408,-0.09647833187869757,18361.981408571428,0.8793730100331705,91277.88,1
2025-12-01,86286.01,92307.65,86184.39,91277.88,28210.22732,90205.0,94857.56433333333,0.057852599743573846,0.07096469056803062,0.011893797461338115,-0.03773746836629884,19596.72229714286,0.43953804581457806,93429.95,1
2025-12-02,91277.88,94150.0,90990.23,93429.95,25712.52585,90625.84714285714,94419.128,0.023577125147954712,0.03461703974719838,0.03094153539577558,-0.010476457694038436,20173.39422,0.27457608618526286,92078.06,0
2025-12-03,93429.95,94080.0,90889.0,92078.06,19803.94059,90732.14857142858,94105.156,-0.014469557138797565,0.03415393029751167,0.014833897904576265,-0.021540753834997147,20597.741544285713,-0.038538252001027416,89330.04,0
2025-12-04,92078.06,92692.36,88056.0,89330.04,19792.97218,90509.19714285714,93619.98533333333,-0.029844460232980628,0.050352494394430125,-0.013028036708755684,-0.04582296523609799,20735.186124285716,-0.04544034177644366,89236.79,0
2025-12-05,89330.04,90289.97,88908.01,89236.79,8409.50016,90285.53285714285,93216.34366666667,-0.0010438817669845442,0.015470271814498308,-0.011615846126779442,-0.04269158722742015,20875.13144571429,-0.5971522295862483,90395.31,1
2025-12-06,89236.8,91760.0,87719.28,90395.31,13021.11185,90290.57714285715,92784.88466666666,0.012982424291323699,0.04528087067218906,0.0011599533468165115,-0.02575392182952329,21351.327174285714,-0.3901497670982316,90634.34,1
2025-12-07,90395.32,92287.15,89612.0,90634.34,15793.63887,90911.76714285715,92395.598,0.0026441634367795758,0.029593899330186496,-0.0030516087364269116,-0.019062141899877108,18677.702402857143,-0.15441211507984864,92678.8,1
2025-12-08,90634.35,94588.99,89500.0,92678.8,21240.43014,91111.89857142857,91994.12599999999,0.022557121003239908,0.05614857942932238,0.017197549970304263,0.007442583888454071,17682.017091428574,0.2012447465790756,92015.37,0
2025-12-09,92678.81,94476.0,91563.15,92015.37,18998.68083,90909.81571428571,91527.60066666667,-0.0071584863897152145,0.03142951447045993,0.012161000184939963,0.005329204849471927,16722.896374285712,0.13608793625090526,92513.38,1
2025-12-10,92015.38,93555.0,89260.63,92513.38,19972.58758,90972.00428571427,91176.08033333332,0.005412138709854809,0.046670132753893916,0.016943407220585825,0.014667220413266445,16746.98880142857,0.19260768707842416,90268.42,0
2025-12-11,92513.38,92754.0,89480.0,90268.42,16679.19169,91106.05857142857,90796.54866666667,-0.024266327746321734,0.03538947555477921,-0.009194103932965665,-0.005816616098542942,16302.163017142857,0.023127524394196703,90240.01,0
2025-12-12,90268.43,90634.55,89766.39,90240.01,5895.70788,91249.37571428572,90481.48166666667,-0.00031483875370379497,0.009617537382670814,-0.011061617752281271,-0.002668741296216385,15943.049834285714,-0.6302020039276794,88172.17,0
2025-12-13,90240.0,90472.4,87577.36,88172.17,9416.94004,90931.78428571428,90267.42066666667,-0.022914782801418457,0.032081560283687874,-0.03034818141304008,-0.023211593409806976,15428.168147142858,-0.3896268208780235,86432.08,0
2025-12-14,88172.16,90052.64,85146.64,86432.08,19778.6919,90331.46142857142,89961.94866666666,-0.01973502747352454,0.055641145685894504,-0.04316747860494662,-0.039237352224836514,15997.461437142858,0.23636440554736354,87863.42,1
2025-12-15,86432.08,88175.98,85266.0,87863.42,18456.05017,89643.55000000002,89748.68133333333,0.016560286412174698,0.033667823335965026,-0.019857870421240778,-0.021006005941539424,15599.692869999999,0.1831034318305781,86243.22,0
2025-12-16,87863.43,90365.85,85314.0,86243.22,19834.11729,88818.95714285715,89549.61733333333,-0.01844009504295464,0.05749661719329653,-0.02899985797755216,-0.03692251772585271,15719.040935714287,0.2617892765287031,85516.41,0
2025-12-17,86243.23,89477.61,84450.01,85516.41,25405.41763,87819.39,89301.46999999999,-0.008427560053119445,0.0582955902741584,-0.026224049153609423,-0.04238519253938355,16495.159514285715,0.5401741103502219,88136.94,1
2025-12-18,85516.41,89399.97,85110.24,88136.94,21256.65004,87514.89285714286,89187.536,0.030643592264923174,0.05016265299256594,0.007107900410419992,-0.011779628041299298,17149.08213571429,0.23952115173157776,88360.9,1
2025-12-19,88136.95,88573.07,87795.76,88360.9,5123.13194,87246.44857142857,89244.99166666667,0.0025409320381519565,0.008819343079151392,0.012773602213264014,-0.009906344884526287,17038.714144285714,-0.6993240278217738,88658.86,1
2025-12-20,88360.91,89081.77,87600.04,88658.86,7132.87258,87315.97571428571,89362.63933333334,0.0033719661782568456,0.016769066773984223,0.015379594338021921,-0.007875543276068181,16712.41879285714,-0.5731992676578583,88620.79,0
2025-12-21,88658.87,90588.23,87900.0,88620.79,14673.2197,87628.64857142858,89492.00766666667,-0.0004295114521536508,0.03032104965921623,0.011322112628071517,-0.009735144951845605,15983.06562142857,-0.0819521080907316,87486.0,0
2025-12-22,88620.79,88940.0,86601.9,87486.0,13910.32904,87574.73142857142,89513.87433333333,-0.01280500884724672,0.02638319969840041,-0.0010132081152175244,-0.022654301899411616,15333.676888571428,-0.09282495378732575,87669.45,1
2025-12-23,87486.0,88049.89,86420.0,87669.45,9140.8432,87778.47857142857,89492.85566666667,0.002096906933680784,0.01863029513293555,-0.0012420877326992,-0.02037487409562946,13806.066304285714,-0.33791110381945105,87225.27,0
2025-12-24,87669.44,88592.74,86934.72,87225.27,7096.58235,88022.60142857142,89488.03266666667,-0.005066417670741346,0.018912177379027447,-0.009058257943199208,-0.025285645457144092,11190.518407142856,-0.36583971431830326,87369.56,1
2025-12-25,87225.27,89567.75,86655.08,87369.56,18344.61505,87912.97571428573,89384.21733333333,0.0016542224518192215,0.033392501966459924,-0.006181291326684385,-0.022539296012630928,10774.513408571427,0.7025933658782535,87877.01,1
2025-12-26,87369.56,87984.0,87253.05,87877.01,4469.55156,87843.84857142858,89268.986,0.005808086935541361,0.008366186117911057,0.00037750427731376285,-0.01559305266444955,10681.144782857142,-0.5815475165945254,87952.71,1
2025-12-27,87877.0,88088.75,87435.0,87952.71,4446.29285,87742.97,89171.053,0.0008615451141937754,0.007439375490742743,0.0023903909338834238,-0.013662987696242563,10297.347678571428,-0.5682098935774845,87237.13,0
2025-12-28,87952.71,90406.08,86806.5,87237.13,19894.98575,87545.30428571429,89052.20933333333,-0.008135963064696945,0.04092631142349112,-0.003520169222423616,-0.020382193175458044,11043.314257142858,0.801541211881374,88485.49,1
2025-12-29,87237.13,89400.0,86845.66,88485.49,13105.91001,87688.08857142857,88989.72566666667,0.014309961824741375,0.02928042222388559,0.009093611704420867,-0.00566622340825503,10928.397252857143,0.19925270895268407,87648.22,0
2025-12-30,88485.5,89200.0,87250.0,87648.22,11558.62047,87685.05571428571,89035.13266666667,-0.009462341287555576,0.022037508970396278,-0.00042009113167173063,-0.015577139328348625,11273.794005714284,0.025264473001843684,88839.04,1
2025-12-31,87648.21,88919.45,87550.43,88839.04,6279.57133,87915.5942857143,88953.838,0.013586472558880404,0.015619486125272882,0.010503776056891796,-0.0012905345354520823,11157.078145714286,-0.43716703889789094,89995.13,1
2026-01-01,88839.05,90961.81,88379.88,89995.13,17396.97301,88290.67571428571,88839.344,0.013013196336520953,0.02906300776516625,0.019305031612058543,0.013009843926808007,11021.70071142857,0.5784290887123087,90628.01,1
2026-01-02,89995.14,90741.16,89314.01,90628.01,7057.46716,88683.67571428571,88791.009,0.007032268631394932,0.015858078558464477,0.021924376386680145,0.02068904296379816,11391.40294,-0.38045671835395545,91529.73,1
2026-01-03,90628.01,91810.0,90628.0,91529.73,10426.5297,89194.67857142857,88864.332,0.009949683326380014,0.01304232543559105,0.026179268382042358,0.029994013796221426,12245.722489999998,-0.14855740782020607,93859.71,1
2026-01-04,91529.74,94789.08,91514.81,93859.71,20673.59584,90140.76142857142,89018.42933333333,0.02545587914922517,0.035772744465350864,0.041257123996844884,0.054385150388783984,12356.952502857142,0.6730335279042229,93747.97,0
2026-01-05,93859.71,94444.44,91262.94,93747.97,18546.41829,90892.54428571429,89130.18466666665,-0.001190500162423315,0.03389633315508859,0.03141540086401235,0.05180944424835608,13134.167971428571,0.412074090292204,91364.16,0
2026-01-06,93747.97,93747.97,90675.52,91364.16,14276.49025,91423.39285714286,89154.512,-0.025427857264535943,0.03277350965572905,-0.0006478960722384057,0.024784477537154834,13522.435082857144,0.055763267674976545,91099.99,0
2026-01-07,91364.16,91687.99,89311.0,91099.99,16132.79117,91746.3857142857,89101.88500000001,-0.0028913963637382345,0.026016656859757757,-0.0070454624370564906,0.022424946453152992,14930.03791714286,0.08055928990482498,90641.28,0
2026-01-08,91100.0,92082.55,89694.66,90641.28,15590.27939,91838.69285714286,89056.082,-0.005035345773874876,0.02621174533479692,-0.013038217551783556,0.017799997084982967,14671.938828571427,0.06259162965157958,90504.7,0
2026-01-09,90641.27,90832.0,90404.0,90504.7,3104.11722,91821.07714285715,88989.126,-0.001506708809353697,0.004721910891142633,-0.014336328692911128,0.0170310021923352,14107.174551428572,-0.7799618053435329,91013.65,1
2026-01-10,90504.7,91283.89,90236.0,91013.65,5477.13594,91747.35142857142,89013.967,0.005623464858731062,0.01157829372397234,-0.007996976666325213,0.02246482285190132,13400.118300000002,-0.591262120424713,91296.2,1
2026-01-11,91013.66,92519.95,90128.44,91296.2,16188.08268,91381.13571428573,89049.17333333334,0.0031043691683203772,0.02627638532501599,-0.0009294666084179046,0.02523354886468709,12759.330705714285,0.2687250650812071,95414.0,1
2026-01-12,91296.2,96495.0,91042.66,95414.0,23021.51482,91619.14,89290.56766666667,0.04510373925749377,0.059721434188936634,0.04141994784059314,0.06857871434072299,13398.63021,0.7181991337307011,96951.78,1
2026-01-13,95413.99,97924.49,94559.28,96951.78,22851.89428,92417.37142857144,89641.22433333333,0.01611702854057349,0.03526956581524372,0.049064461597819464,0.08155350087011493,14623.687928571428,0.5626628789959673,95604.8,0
2026-01-14,96951.78,97193.34,95134.48,95604.8,21725.81369,93060.91571428571,89899.27033333333,-0.013893298297359738,0.021235917483928616,0.027335689383548353,0.06346580617964306,15422.691145714285,0.4086914848215222,95550.94,0
2026-01-15,95604.81,95871.47,94293.46,95550.94,11167.7146,93762.29571428572,90209.52766666665,-0.0005634653737609577,0.016505550296057225,0.01907637043321416,0.05921117726134667,14790.896175714286,-0.24496024667276897,95147.77,0
2026-01-16,95550.94,95639.45,95021.67,95147.77,4280.80137,94425.59142857141,90530.573,-0.004219424738260013,0.006465451831243092,0.007648123358325894,0.051001521883662436,14958.993911428572,-0.7138309303856661,93673.14,0
2026-01-17,95147.77,95531.12,93615.4,93673.14,6895.17819,94805.51857142858,90715.113,-0.015498313833314271,0.020134155535121854,-0.011944226332936703,0.032607874280000095,15161.571375714284,-0.5452200818020317,92631.0,0
2026-01-18,93673.14,93673.14,91910.2,92631.0,14295.52747,94996.20428571428,90857.44966666665,-0.011125280950334316,0.018820122822828425,-0.024897882010112744,0.01952014215499182,14891.206345714285,-0.04000205637374177,88427.66,0
2026-01-19,92630.99,92870.0,87895.98,88427.66,22007.3261,93998.1557142857,90849.743,-0.04537714646038007,0.05369714822220947,-0.05926175542441101,-0.02666031757514161,14746.322242857144,0.4923942212547237,89454.73,1
2026-01-20,88427.66,90574.0,87263.53,89454.73,20617.50372,92927.14857142858,90877.541,0.011614804688940003,0.037437041758201006,-0.03736710557474499,-0.015656354522180584,14427.12359142857,0.4290793025609938,89559.67,1
2026-01-21,89454.73,90359.99,88515.37,89559.67,10825.50492,92063.55857142857,90946.66333333333,0.0011731073359676155,0.020620709491829106,-0.027197390697057414,-0.01525062363475382,12869.936624285716,-0.15885328451640163,89600.26,1
2026-01-22,89559.68,91224.99,88578.36,89600.26,13918.48919,91213.46142857142,91011.02366666666,0.0004531056832717775,0.029551579460757395,-0.01768600164170626,-0.0155010196548681,13262.904422857142,0.04942995487572321,89225.34,0
2026-01-23,89600.26,89957.39,89162.08,89225.34,4226.56737,90367.4,91077.69266666667,-0.0041843628578756165,0.00887620192173547,-0.012637964575720865,-0.02033815978898433,13255.156708571429,-0.6811378799266179,86670.36,0
2026-01-24,89225.34,89319.13,86074.72,86670.36,14426.22019,89367.00285714286,91054.386,-0.02863513885181044,0.03636197967976366,-0.03017492778015124,-0.04814733471488126,14331.019851428573,0.0066429562974847905,88347.08,1
2026-01-25,86670.36,88860.0,86509.63,88347.08,17766.51453,88755.0142857143,91070.055,0.01934594479589102,0.02711849818092362,-0.004596182976221443,-0.029899784292432802,14826.875145714284,0.1982642569925073,89250.0,1
2026-01-26,88347.08,89523.16,87304.33,89250.0,13125.40425,88872.49142857142,91113.298,0.010220145363038577,0.02511492173821706,0.004247755018007936,-0.02045034084925776,13558.029167142857,-0.03190913014048532,89299.99,1
2026-01-27,89249.99,90600.0,88833.65,89299.99,14332.18502,88850.38571428573,91182.06,0.0005602241524060675,0.019791038632049212,0.005060240111506747,-0.020640792717339273,12660.126495714287,0.13207281339975083,84650.16,0
2026-01-28,89300.0,89348.0,83383.33,84650.16,30431.38201,88149.02714285713,91054.21566666666,-0.05206987681970881,0.06679361702127658,-0.03969263480567686,-0.07033233573842165,15460.96608,0.9682717012985,84260.49,0
2026-01-29,84650.16,84735.75,81118.0,84260.49,35195.84793,87386.20285714285,90941.29133333334,-0.0046032990368830755,0.04273766287033598,-0.03576895156152623,-0.07346279380227556,18500.588757142858,0.9024177225933583,78741.09,0
2026-01-30,84260.5,84270.02,75719.9,78741.09,39491.89133,85888.45285714287,90604.693,-0.0655041211481062,0.10147245743853893,-0.08321680760778152,-0.130938062998569,23538.49218,0.6777579051369804,76968.21,0
2026-01-31,78741.1,79424.0,75700.0,76968.21,25395.48168,84502.43142857144,90170.46233333334,-0.02251543349026111,0.04729423388802036,-0.08915981825848392,-0.14641437996101808,25105.529535714286,0.011549333937499254,78738.61,1
2026-02-01,76968.22,79360.0,74604.0,78738.61,42273.59016,83129.79285714286,89774.14899999999,0.023001571297868124,0.06179173690128211,-0.052823214231858324,-0.12292557627029126,28606.54034,0.4777596192186028,75770.21,0
2026-02-02,78738.6,79186.81,72945.5,75770.21,39120.10889,81204.10857142857,89248.83166666665,-0.03769929869212812,0.0792662048855326,-0.06691654729081611,-0.15102294803149502,32320.069574285713,0.21039680314068673,73165.83,0
2026-02-03,75770.21,76971.52,71888.0,73165.83,38375.36,78899.22857142858,88559.03566666666,-0.034372083698857435,0.06709127505387676,-0.07266735905076759,-0.17381857820365376,35754.80885714286,0.07329227107121353,62909.86,0
2026-02-04,73165.84,73341.18,62345.0,62909.86,106298.82899,75793.47142857143,87531.09866666669,-0.14017443112796896,0.15029117413262794,-0.16998312896531043,-0.281285612104888,46593.015568571434,1.2814326931374271,70580.26,1
2026-02-05,62909.87,71751.33,60000.0,70580.26,92539.21531,73839.15285714286,86838.302,0.12192665475226688,0.18679628490728087,-0.04413502499748166,-0.1872220163862716,54784.925194285715,0.6891364728860159,69289.38,0
2026-02-06,70580.26,71690.07,67300.0,69289.38,44255.48036,72488.90857142858,86111.28166666666,-0.018289533079078914,0.06219968586117432,-0.04413818106084248,-0.1953507292085556,55465.437912857145,-0.20210707739239941,70330.38,1
2026-02-07,69289.37,72271.41,68888.0,70330.38,21420.53168,71540.64714285715,85434.25166666668,0.015024093883376475,0.048830145230069254,-0.016917195904594014,-0.17678941843602117,54897.58791285714,-0.6098092376298511,70138.0,0
2026-02-08,70330.38,71453.53,68308.0,70138.0,29152.72842,70311.98857142858,84755.36166666666,-0.0027353755233514255,0.04472505338375818,-0.002474522125794036,-0.1724653329208258,53023.17909285715,-0.4501889754866242,68841.29,0
2026-02-09,70138.0,70527.59,67800.0,68841.29,20373.77072,69322.14285714286,84016.283,-0.018487980837777047,0.038888904730673766,-0.006936497305540449,-0.18061966630920823,50345.13078285714,-0.59531795025275,67082.52,0
2026-02-10,68841.28,69292.88,65756.0,67082.52,28718.24602,68453.09857142858,83209.16033333333,-0.02554804326706294,0.05137731314699559,-0.02002215531556135,-0.1938084733547425,48965.54307142857,-0.41350091883782014,66272.17,0
2026-02-11,67082.52,68410.52,65118.0,66272.17,24271.74283,68933.42857142857,82237.766,-0.012079898012179712,0.049081638555021546,-0.03860621220473577,-0.19413946628851766,37247.387905714284,-0.3483638935583892,68853.96,1
2026-02-12,66272.17,69482.97,65872.46,68853.96,20244.54955,68686.81428571428,81301.172,0.03895737833844898,0.054480032870509516,0.0024334468853141845,-0.15310003157150057,26919.57851142857,-0.2479618675528193,69822.95,1
2026-02-13,68853.97,70560.01,68730.13,69822.95,18114.78393,68763.03857142858,80441.777,0.014072972117657062,0.02657624534939656,0.015413970217014461,-0.13200637027200438,23185.193307142858,-0.2186917016379058,68832.58,0
2026-02-14,69822.94,70983.0,68000.0,68832.58,22290.05208,68549.06714285714,79551.16500000001,-0.014183877104000498,0.04272234884409049,0.004135911237887753,-0.13473825304758272,23309.41050714286,-0.04373162619580148,68892.43,1
2026-02-15,68832.59,70126.67,67294.11,68892.43,15515.76534,68371.12857142858,78675.98700000001,0.0008693556351721839,0.04115143713174236,0.007624584228221463,-0.12435251686133933,21361.272924285713,-0.2736497775673253,67503.52,0
2026-02-16,68892.43,69241.5,66621.06,67503.52,16489.06921,68180.01857142858,77803.66633333334,-0.020160560456351867,0.03803668995272779,-0.009922240938081304,-0.13238638766976019,20806.31556571429,-0.20749691804292666,66461.0,0
2026-02-17,67503.52,68476.22,65870.0,66461.0,15492.43839,68091.23,76931.33300000001,-0.015443935368111233,0.03860865329689475,-0.023941849780067068,-0.13609972155298558,18916.91447571429,-0.18102720134991698,67003.73,1
2026-02-18,66461.0,67320.0,65631.83,67003.73,14542.26988,68195.73857142858,76217.202,0.008166142549765967,0.025400911812942902,-0.01747922372275601,-0.12088441661765553,17526.98976857143,-0.17029278432760256,68020.01,1
2026-02-19,67003.73,68318.39,66280.2,68020.01,35351.87091,68076.60285714285,75502.71133333333,0.015167513808559597,0.030419052790046204,-0.0008313114163703341,-0.09910506790012227,19685.178534285715,0.7958623463042296,67975.93,0
2026-02-20,68020.0,68698.7,67534.69,67975.93,8032.84131,67812.74285714285,74783.25333333334,-0.000647897677153881,0.017112760952660906,0.0024064377280966723,-0.0910273761826179,18244.90101714286,-0.5597212995317232,67643.4,0
2026-02-21,67975.93,68245.0,67190.0,67643.4,8175.13484,67642.86,74051.358,-0.004891878639983283,0.015520199576526575,7.98310420336451e-06,-0.08653397011301264,16228.484268571428,-0.49624778847447804,64656.02,0
2026-02-22,67643.39,67684.86,63888.79,64656.02,33075.90923,67037.65857142856,73232.38066666666,-0.044163516937870836,0.05611886098553014,-0.03552687582145982,-0.11711159173841235,18737.076252857143,0.7652652304788684,64058.15,0
2026-02-23,64656.01,65026.75,62510.28,64058.15,23102.83622,66545.46285714286,72478.64033333333,-0.009246781544360696,0.03892089845940078,-0.03737764755626577,-0.11617892243296812,19681.90011142857,0.17381127275333622,67988.04,1
2026-02-24,64058.15,69988.83,63913.27,67988.04,30749.99259,66763.61142857143,71800.00566666666,0.06134879012272431,0.0948444499255755,0.018339759417277,-0.05309143963530891,21861.550711428572,0.4065787462151445,67485.18,0
2026-02-25,67988.04,68860.0,66500.0,67485.18,20737.77792,66832.38999999998,71074.51166666667,-0.007396300878801634,0.03471198757899184,0.009767569287885833,-0.05050096838512708,22746.623288571427,-0.08831400349346488,65872.1,0
2026-02-26,67485.19,68216.8,64914.46,65872.1,21228.58424,66525.54571428572,70293.582,-0.023902874097264843,0.048934292101718964,-0.009822478076198515,-0.06290022323801893,20729.010907142856,0.02410020116709958,66973.26,1
2026-02-27,65872.09,67760.0,63030.0,66973.26,22548.71649,66382.30714285714,69704.352,0.016716791588061018,0.07180582853830811,0.008902264512607262,-0.03918108298316875,22802.707361428573,-0.011138627856892408,65776.47,0
2026-02-28,66973.26,68199.99,65056.0,65776.47,23201.85859,66115.60285714285,69088.21800000001,-0.01786966917841529,0.046943959425000445,-0.005129392193180422,-0.0479350618074996,24949.38218285714,-0.07004276017936328,68830.06,1
2026-03-01,65776.48,70096.0,65259.21,68830.06,32010.38431,66711.89428571428,68757.85033333334,0.046423584843701,0.07353373120604814,0.03175094541932832,0.001050202505118973,24797.164337142858,0.2908889046661153,68338.0,0
2026-03-02,68830.06,69258.08,66158.0,68338.0,24972.2418,67323.30142857143,68470.17666666667,-0.007148911391331021,0.04503962367605087,0.015072026325166816,-0.0019304268383904118,25064.22227714286,-0.0036697917902979065,72666.77,1
2026-03-03,68338.01,74050.0,67400.0,72666.77,44919.0761,67991.69142857143,68267.78199999999,0.0633433721584812,0.09731041334097965,0.06875955683997023,0.06443724801253999,27088.377064285716,0.6582416876950119,70890.72,0
2026-03-04,72666.77,73558.15,70645.47,70890.72,26590.51253,68478.19714285714,68105.13233333333,-0.024441020290292288,0.04008269529524971,0.03523052530296508,0.04090128851131088,27924.482008571427,-0.047770607818686306,68114.02,0
2026-03-05,70891.02,71419.98,67744.78,68114.02,22629.88722,68798.47142857143,67936.73866666666,-0.03917280355114089,0.051842955567573956,-0.009948642961959442,0.002609506090705684,28124.66814857143,-0.19537229380075483,67262.91,0
2026-03-06,68114.02,68551.04,66915.26,67262.91,12719.54315,68839.85,68081.84033333333,-0.012495371731106174,0.02401532019399235,-0.022907371239187797,-0.012028616284809343,26720.50052857143,-0.5239781104998623,65971.2,0
2026-03-07,67262.91,68200.0,65618.49,65971.2,21593.63901,68867.66857142857,67928.205,-0.019203897066005712,0.03837939809621669,-0.042058467079140294,-0.02880990304395655,26490.754874285714,-0.18486131812873677,68432.16,1
2026-03-08,65971.2,69516.65,65821.97,68432.16,28896.7213,68810.82571428572,67899.631,0.037303550640279494,0.05600443830034914,-0.0055029962270471714,0.007842885037180976,26045.945872857144,0.10945179111785265,69948.63,1
2026-03-09,68432.16,71777.0,68391.41,69948.63,32602.57726,69040.91571428571,67886.906,0.022160194855752047,0.049473668520765623,0.013147483290498545,0.03036998033170052,27135.993795714283,0.20145138244942695,70191.86,1
2026-03-10,69948.64,71321.0,68977.91,70191.86,27249.27542,68687.35714285714,67888.70133333333,0.0034771226431278886,0.03349729172718721,0.0219036358323376,0.03392550780074828,24611.736555714284,0.10716589860756255,70541.34,1
2026-03-11,70191.86,70800.0,69205.91,70541.34,21997.1605,68637.44571428571,67945.36966666667,0.004978924906677155,0.022710468136903573,0.02773841983630256,0.038206729112946286,23955.54340857143,-0.08175071945438346,70930.0,1
2026-03-12,70541.34,73913.74,70386.01,70930.0,35996.61678,69039.72857142857,68073.61899999999,0.005509677020595349,0.050009398744055765,0.027379473640539522,0.04196017549764776,25865.07620285714,0.3917073546461732,71211.95,1
2026-03-13,70930.01,71307.92,70317.0,71211.95,13017.24737,69603.87714285713,68238.27833333334,0.003974904275355415,0.01397039137594931,0.023103208084837065,0.043577765138515655,25907.60537714286,-0.49755111749986186,72815.24,1
2026-03-14,71211.95,73199.0,70858.82,72815.24,14037.30704,70581.59714285715,68370.32100000001,0.02251433923660296,0.032862181136733275,0.03164624983792818,0.06501240501708327,24828.12938142857,-0.4346208357323972,74884.67,1
2026-03-15,72815.25,74909.08,72270.41,74884.67,28409.53019,71503.38428571429,68539.045,0.028420145505234112,0.03623787599438302,0.04728847100124266,0.09258408838349003,24758.53065142857,0.14746430593855814,73909.36,0
2026-03-16,74884.67,76000.0,73399.19,73909.36,24521.26636,72069.20285714285,68708.27100000001,-0.013024161019872261,0.03473087348852572,0.02553319684282824,0.07569814993598066,23604.05766571429,0.038858094115656674,71246.54,0
2026-03-17,73909.37,74672.34,70500.0,71246.54,23392.88093,72219.87142857142,68786.74133333334,-0.036028314136624384,0.05645211155229705,-0.01347733538315831,0.03575977897756093,23053.14416714286,0.014737111796722305,69930.0,0
2026-03-18,71246.55,71613.79,68793.35,69930.0,22364.81819,72132.53714285714,68867.624,-0.018478789499281056,0.03958703965314794,-0.03053458577916169,0.015426348961886705,23105.666694285715,-0.03206349827892799,70510.73,1
2026-03-19,69930.01,71367.0,69388.0,70510.73,18121.16745,72072.64142857143,69002.615,0.008304303116787788,0.028299724252863687,-0.021671349871634507,0.021855910823089682,20552.031075714283,-0.11827851061332624,68918.12,0
2026-03-20,70510.73,71100.94,68571.42,68918.12,13397.1675,71744.95142857144,69066.428,-0.02258677509082661,0.03587425630113324,-0.039401119831906355,-0.002147324022606244,20606.30538,-0.3498510648588671,67859.0,0
2026-03-21,68918.12,69588.79,67360.66,67859.0,14843.78682,71036.91714285714,69061.061,-0.015367801675379355,0.032330104187403695,-0.04473613538811469,-0.017405770814902504,20721.516777142857,-0.2836534612961521,70906.45,1
2026-03-22,67859.0,71817.09,67445.18,70906.45,28335.09119,70468.59999999999,69158.745,0.04490856039729435,0.06442638412001361,0.0062134056870720555,0.025270918377712056,20710.882634285714,0.3681257187510122,70556.74,0
2026-03-23,70906.45,71400.0,68923.07,70556.74,20702.42244,69989.65428571428,69255.85633333333,-0.0049319913773710556,0.03493236510923891,0.008102421994695816,0.018783735203640118,20165.333502857142,0.02663426999939072,71336.53,1
2026-03-24,70556.74,72026.09,70408.0,71336.53,17719.50066,70002.51,69478.54,0.011051956198656478,0.022933174066715616,0.019056745250991772,0.02674192635596553,19354.85060714286,-0.08449302866431511,68820.31,0
2026-03-25,71336.53,71436.82,68153.0,68820.31,20820.45768,69843.98285714285,69637.27866666667,-0.03527253147861273,0.046032796941482955,-0.014656564749989257,-0.011731771865716611,19134.22767714286,0.08812636868910353,66407.28,0
2026-03-26,68820.31,69179.05,65548.25,66407.28,28603.69557,69257.77571428572,69584.58666666667,-0.0350627598161066,0.052757681562317915,-0.04115777159874553,-0.045661069769473914,20631.73169428571,0.38639334757936256,66377.03,0
2026-03-27,66407.28,67288.94,65932.09,66377.03,11462.39847,68894.76285714286,69547.64833333335,-0.0004555223463451598,0.020432247789700254,-0.036544618962743594,-0.04558915231952865,20355.336118571428,-0.4368848343633025,66010.93,0
2026-03-28,66377.04,67130.5,65000.0,66010.93,10052.85584,68630.75285714286,69552.276,-0.005515612024880902,0.032096941954627686,-0.03817272502599686,-0.05091632084045682,19670.91740714286,-0.4889482970250473,66797.37,1
2026-03-29,66010.93,68169.65,65800.59,66797.37,18353.38975,68043.74142857143,69546.413,0.011913784580826273,0.035888905064661226,-0.018317208936545763,-0.039528178110350635,18244.96005857143,0.005942994179240732,68284.48,1
2026-03-30,66797.38,68589.49,65998.05,68284.48,22105.40662,67719.13285714285,69630.01333333334,0.02226284923151164,0.038795533597275854,0.008348410840549013,-0.019324042448361924,18445.38637,0.1984246996285609,68113.92,0
2026-03-31,68284.49,69310.0,67578.75,68113.92,19020.1899,67258.76,69606.142,-0.0024979318143843058,0.02535348803220175,0.012714477638303226,-0.021438079415463204,18631.19911857143,0.020878461925772113,66901.99,0
2026-04-01,68113.92,68653.38,65712.12,66901.99,20203.47916,66984.71428571429,69558.275,-0.017792692007742222,0.04318148184688254,-0.0012349725843635805,-0.038187907908871936,18543.05933,0.08954400676018325,66964.3,1
2026-04-02,66901.99,67370.42,66282.0,66964.3,11429.13131,67064.28857142857,69368.19266666667,0.0009313624303252813,0.016268873317520124,-0.00149093613841989,-0.03465410549497858,16089.55015,-0.2896550118898134,67300.42,1
2026-04-03,66964.29,67562.93,66775.91,67300.42,7373.51613,67196.20142857142,69248.516,0.005019541012082779,0.011752831247818644,0.0015509592687222974,-0.028131953037087536,15505.42410142857,-0.524455694873857,69034.18,1
2026-04-04,67300.42,69136.2,66611.66,69034.18,11733.46752,67628.09428571428,69279.188,0.025761503420038016,0.03751150438585664,0.020791443691216563,-0.00353653105749452,15745.511484285715,-0.2548055659093578,68853.66,0
2026-04-05,69034.18,70351.46,68300.0,68853.66,20281.61044,67921.85,69332.213,-0.002614936543028244,0.02971658387193136,0.013718854830956424,-0.006902318262940775,16020.971582857144,0.26594135287661647,71924.22,1
2026-04-06,68853.66,72761.0,67732.01,71924.22,23750.49661,68441.81285714285,69530.64700000001,0.044595450699352765,0.07303881885145982,0.05088128144889883,0.03442471921769963,16255.984438571428,0.4610309636890368,71069.93,0
2026-04-07,71924.22,72857.0,70707.23,71069.93,19802.68627,68864.1,69618.57266666666,-0.01187764010509962,0.029889375234100613,0.0320316391269179,0.020847272182416384,16367.769634285713,0.20985856426761623,71787.97,1
2026-04-08,71069.93,73145.0,70466.0,71787.97,18158.42159,69562.09714285714,69679.884,0.010103288409036118,0.037695267182618585,0.0319983575620452,0.030253867816427416,16075.61855285714,0.12956285509602877,72962.7,1
2026-04-09,71787.98,73434.0,71426.15,72962.7,17372.63288,70419.01142857142,69772.24533333333,0.016363742230941742,0.02796916698310784,0.03612218518586747,0.04572670194895461,16924.690205714283,0.026466816753578083,73043.16,1
2026-04-10,72962.71,73790.0,72513.09,73043.16,9070.94374,71239.40285714286,69855.63933333334,0.0011026180359802573,0.017500857629877006,0.02531965556300679,0.0456301122870929,17167.179864285714,-0.4716113064749193,70740.98,0
2026-04-11,73043.16,73137.24,70505.88,70740.98,13472.46801,71483.23142857142,69849.33866666668,-0.031518077804958154,0.03602472839345944,-0.010383574073775773,0.012765207951193177,17415.608505714285,-0.22641416717770665,74417.99,1
2026-04-12,70741.56,74900.0,70566.99,74417.99,24230.21625,72278.1357142857,69956.20666666665,0.05196987456878259,0.061251264461795796,0.029605831204240148,0.06377966367720943,17979.695050000002,0.34764333781067097,74131.55,0
2026-04-13,74418.0,76038.0,73795.47,74131.55,26532.94456,72593.46857142857,70000.08366666666,-0.003849203149775553,0.030134241715713925,0.02118760074204237,0.05902087707504709,18377.187614285715,0.4437978822926265,74809.99,1
2026-04-14,74131.55,75425.0,73514.0,74809.99,14425.04167,73127.76285714286,69997.59433333334,0.009151838859433025,0.02577849781907973,0.023003946478486127,0.06875087226211955,17608.95267142857,-0.1808120596856751,75154.29,1
2026-04-15,74809.99,75534.76,73309.85,75154.29,17088.68777,73608.66571428571,70039.09199999999,0.0046023265074622835,0.02974081402764509,0.02099785766683595,0.07303347107926535,17456.133554285712,-0.021049666189996527,77072.0,1
2026-04-16,75154.28,78333.0,74529.4,77072.0,25941.36694,74195.70857142856,70233.274,0.025517109604403117,0.05061055737610694,0.03876627751054384,0.09737159626076942,18680.23842,0.38870641566468817,75691.76,0
2026-04-17,77072.01,77420.08,75445.16,75691.76,9141.84456,74574.08,70425.33266666667,-0.01790857666745684,0.02562434793123987,0.014987513087657172,0.07478029757076322,18690.367108571427,-0.5108793472650659,73801.79,0
2026-04-18,75691.76,76240.66,73762.9,73801.79,11369.82232,75011.33857142857,70535.03466666667,-0.024969296525804145,0.032734871008416364,-0.016124876511526297,0.04631393957302636,18389.989152857142,-0.3817384977503623,75840.97,1
2026-04-19,73801.8,76558.62,73724.31,75840.97,16993.41034,75214.62142857142,70765.79633333333,0.027630355899178585,0.03840434786143424,0.008327484198313733,0.0717178909816927,17356.159737142858,-0.020900326030450247,76336.15,1
2026-04-20,75840.97,76927.57,74821.57,76336.15,14912.57132,75529.56428571428,71048.368,0.006529188643024911,0.027768632178623243,0.010679072783136276,0.07442510150268324,15696.106417142857,-0.04991907396136805,78178.23,1
2026-04-21,76336.14,79472.82,76132.95,78178.23,19737.51225,76010.74142857142,71290.76066666665,0.024131296133129032,0.043752146755128174,0.028515556231817618,0.09661096710044936,16455.030785714283,0.19948194002380468,78257.48,1
2026-04-22,78178.22,78662.5,76960.0,78257.48,16970.79501,76454.05428571429,71547.452,0.001013837357770422,0.021777165046735523,0.023588359455028744,0.09378430415663147,16438.188962857144,0.032400530760797644,77437.13,0
2026-04-23,78257.48,78581.93,77264.08,77437.13,12675.14315,76506.21571428572,71750.80533333334,-0.01048270401755834,0.01683992380025515,0.012167825542316829,0.07925102220455449,14543.014135714286,-0.12843767930660438,77625.0,1
2026-04-24,77437.13,77885.35,77140.23,77625.0,5685.1142,76782.39285714286,72044.295,0.002426097144870882,0.009622257436452123,0.010973963059797498,0.07746213631488798,14049.195512857143,-0.5953423671271953,78657.55,1
2026-04-25,77625.0,78961.0,77326.51,78657.55,7963.56162,77476.07285714286,72452.63733333333,0.013301771336553983,0.02105623188405804,0.01524957447231032,0.08564094966094454,13562.58684142857,-0.41282870936727695,77371.32,0
2026-04-26,78657.55,79485.66,76459.64,77371.32,16046.92418,77694.69428571429,72819.11366666667,-0.016352276418474716,0.03847081430835316,-0.004162115427407475,0.0625138937308589,13427.374532857144,0.19509023456020744,76342.77,0
2026-04-27,77371.32,77478.0,75666.6,76342.77,13210.72383,77695.64,73163.50833333333,-0.013293685567210212,0.023411775836317567,-0.017412431379675814,0.043454199218850194,13184.253462857143,0.0020077258994929477,75780.0,0
2026-04-28,76342.78,77904.93,74937.52,75780.0,18279.93022,77353.03571428571,73462.92933333333,-0.007371751460976387,0.03886955649244092,-0.020335798068687804,0.03154067892056287,12976.02745857143,0.4087462652466127,76346.57,1
2026-04-29,75780.0,76669.14,75323.65,76346.57,10381.81607,77080.04857142856,73731.66566666665,0.007476510952758076,0.017755212457112764,-0.009515803181530866,0.03546514661902621,12034.744752857145,-0.13734638472201294,78231.13,1
2026-04-30,76346.58,78914.12,76320.42,78231.13,17315.46502,77193.47714285714,74068.906,0.024684144332332934,0.03397270709441074,0.01344223496011904,0.0561939445953205,12697.647877142856,0.36367500402729835,78686.85,1
2026-05-01,78231.13,79199.48,78040.0,78686.85,6150.87642,77345.17000000001,74461.73466666667,0.0058253025362154575,0.014821209919887337,0.017346655259791822,0.05674210186275365,12764.185337142857,-0.5181144540340233,78568.57,0
2026-05-02,78686.84,79447.0,78084.08,78568.57,7425.7929,77332.45857142858,74848.54366666666,-0.0015030467610592766,0.017320812476393745,0.015984380315927586,0.049700717623849144,12687.361234285712,-0.41470942910233405,79861.01,1
2026-05-03,78568.58,80776.99,78202.0,79861.01,26042.96135,77688.12857142858,75267.23,0.016449705467503586,0.032773788198794035,0.02796928525023758,0.06103293558166016,14115.366544285715,0.8450077982950364,80905.52,1
2026-05-04,79861.01,81791.48,79808.72,80905.52,16947.17995,78339.95,75662.94133333332,0.013079098298406311,0.024827634912205528,0.03274919118534039,0.0692885919352578,14649.145989999999,0.15687153104820703,81447.01,1
2026-05-05,80905.53,82850.0,80731.14,81447.01,18798.77396,79149.52285714286,76082.71966666667,0.00669274399413731,0.0261893099272695,0.029027176158773243,0.07050602760831017,14723.266524285715,0.27680728518986064,80006.0,0
2026-05-06,81447.01,81708.32,79500.0,80006.0,16154.80338,79672.29857142856,76352.11233333334,-0.01769260774582142,0.027113579737304133,0.004188424766887657,0.047855750875820495,15547.978997142856,0.03902914860951735,80193.17,1
2026-05-07,80006.0,80500.0,79181.48,80193.17,16001.31009,79952.59,76656.22033333335,0.002339449541284382,0.016480263980201536,0.0030090332283169534,0.046140413019145926,15360.242578571428,0.041735506984955144,80678.4,1
2026-05-08,80193.18,81080.0,80129.85,80678.4,7548.42177,80237.09714285715,76952.568,0.006050639218946065,0.0118482644035315,0.005499985329194198,0.04841725359964589,15559.891914285716,-0.5148795498335238,82210.07,1
2026-05-09,80678.41,82479.32,80279.77,82210.07,12034.31882,80757.31142857144,77260.81366666665,0.01898475688849103,0.02726317982716817,0.01798918940873247,0.0640590759849667,16218.252760000001,-0.2579768611276718,81745.65,0
2026-05-10,82210.07,82380.0,80462.97,81745.65,12951.76056,81026.5457142857,77550.89666666668,-0.0056491862858164795,0.023318676167043754,0.00887492215514137,0.05409032665816129,14348.08121857143,-0.09731758813604303,80504.47,0
2026-05-11,81745.66,81788.0,79843.59,80504.47,12386.25676,80969.25285714286,77876.34633333333,-0.015183558368725657,0.023786094576764116,-0.0057402389270268875,0.03374739301992335,13696.52076285714,-0.09566400296419621,79313.61,0
2026-05-12,80504.47,81324.64,78754.65,79313.61,14810.05643,80664.48142857142,78039.53366666666,-0.014792470529897291,0.0319235689645557,-0.016746793689706205,0.016326037246395628,13126.703972857144,0.12823877651416712,81089.99,1
2026-05-13,79313.61,82048.13,78922.0,81089.99,19727.86807,80819.33714285714,78271.48166666667,0.022396912711450213,0.03941479904899051,0.003348862620148139,0.036009390308164364,13637.141785714286,0.44662777435269546,79113.21,0
2026-05-14,81090.0,81664.45,78659.0,79113.21,17351.27079,80665.05714285714,78414.92233333334,-0.024377728449870434,0.03706313972129729,-0.01923815835286433,0.008905035494370899,13829.993314285715,0.25461165422813137,78148.05,0
2026-05-15,79113.2,79227.77,77640.0,78148.05,12132.86192,80303.57857142857,78514.71433333332,-0.012199607650809147,0.020069596476947008,-0.026842248001579003,-0.00467000786345156,14484.913335714285,-0.16237939166090984,77457.67,0
2026-05-16,78148.05,78599.99,76735.16,77457.67,8442.7022,79624.66428571429,78527.57,-0.008834257540655263,0.023862783524348997,-0.02721511362281594,-0.013624514294788552,13971.825247142859,-0.3957337677318521,77001.87,0
2026-05-17,77457.67,77800.0,76051.0,77001.87,18745.51678,78946.98142857142,78571.24033333334,-0.005884504400919921,0.0225800750267856,-0.024638198869342456,-0.019973852094931795,14799.504707142856,0.2666313603692856,76834.36,0
2026-05-18,77001.88,77414.62,76144.71,76834.36,11024.85978,78422.68000000001,78672.32600000002,-0.002175531298716396,0.016491935002106297,-0.020253324675973926,-0.023362293877011015,14605.019424285714,-0.24513213849839216,77552.23,1
2026-05-19,76834.36,77853.04,76516.74,77552.23,11296.26307,78171.05428571429,78729.368,0.009343085567446587,0.017391958493569653,-0.00791628424829087,-0.014951701377813756,14103.048944285712,-0.19901979248416124,77615.52,1
2026-05-20,77552.24,78200.0,76719.47,77615.52,11318.25841,77674.70142857144,78772.01366666667,0.0008159661152276044,0.01909074450976527,-0.0007619138211410803,-0.014681529807788144,12901.676135714286,-0.12272961350588278,75539.5,0
2026-05-21,77615.52,77900.0,75359.18,75539.5,11272.36134,77164.17142857144,78684.05600000001,-0.026747485554435554,0.032735978577480465,-0.021054738209368973,-0.03996433534133028,12033.2605,-0.06323299990056733,76752.01,1
2026-05-22,75539.5,77404.18,74289.6,76752.01,15086.88814,76964.73714285714,78633.87366666667,0.01605133737978137,0.041231143971034855,-0.0027639559459845804,-0.02393197204863639,12455.264245714288,0.21128607489730472,77064.96,1
2026-05-23,76752.0,77543.15,76108.0,77064.96,8398.00156,76908.6357142857,78621.46800000001,0.0040775484677924535,0.01869853554304766,0.0020325973053929485,-0.019797493478498792,12448.87844,-0.3254009507381775,77322.01,1
2026-05-24,77064.96,77905.52,76914.25,77322.01,7672.32197,76954.37,78611.36833333335,0.003335497741126296,0.01286278485059882,0.004777376515459739,-0.016401677781082827,10866.993467142858,-0.2939793335481593,75930.01,0
2026-05-25,77322.01,78080.0,75677.97,75930.01,16953.47629,76825.17714285714,78520.45033333333,-0.01800263598941621,0.0310652814121102,-0.011652002327213263,-0.03299064539666355,11713.938682857142,0.4472908514375869,74449.3,0
2026-05-26,75930.01,76174.15,74243.99,74449.3,16877.77483,76381.90142857144,78423.04966666667,-0.019500985183591994,0.025420252150631734,-0.025301824024094328,-0.05067068525843994,12511.297505714287,0.34900275709145356,73617.51,0
2026-05-27,74449.31,74590.77,72582.82,73617.51,21274.02026,75810.75714285715,78332.20766666667,-0.011172702607989287,0.026970699929925436,-0.028930553202683656,-0.06018849470870916,13933.549198571429,0.5268199047362012,73460.78,0
2026-05-28,73617.52,74514.1,72512.49,73460.78,18686.74141,75513.79714285713,78254.90033333332,-0.002129112743814315,0.02718931580417271,-0.027187311730242254,-0.06126287699444209,14992.746351428572,0.24638548348544878,73884.38,1
2026-05-29,73460.78,74143.76,73216.0,73884.38,7515.40909,75104.1357142857,78172.82733333335,0.005766342257732709,0.012629324110089693,-0.016240859477112454,-0.054858542023140125,13911.106487142857,-0.45975475804559396,73674.39,0
2026-05-30,73884.38,74275.66,73400.0,73674.39,6986.45707,74619.76857142858,78020.93599999999,-0.002842143359665537,0.011851760818727903,-0.012669277719933269,-0.05570999558374932,13709.457274285714,-0.49039141884163273,71408.9,0
2026-05-31,73674.39,74092.0,70686.68,71408.9,23921.09184,73775.03857142857,77778.33766666667,-0.030750034034893337,0.04622121744068742,-0.032072346111180816,-0.08189218049328943,16030.710112857141,0.4922041301722824,66760.83,0
2026-06-01,71408.9,71408.9,66193.0,66760.83,32858.19586,72465.15571428572,77384.74633333333,-0.06509090603552208,0.0730427159639764,-0.07871818749381604,-0.13728695688386713,18302.812908571428,0.7952538784140721,64142.75,0
2026-06-02,66760.84,67516.0,64092.49,64142.75,30138.3065,70992.79142857144,76860.80433333333,-0.039215953544023664,0.051280211573131826,-0.09648925321472286,-0.16546866043942388,20197.174575714285,0.49220408958781997,63885.99,0
2026-06-03,64142.75,64764.32,61383.56,63885.99,43577.17571,69602.57428571429,76293.48666666666,-0.004002946552806077,0.05270681409824184,-0.08213179389383021,-0.16262851796086045,23383.339640000002,0.8635993139087809,61056.47,0
2026-06-04,63885.99,63978.0,59130.91,61056.47,55027.28807,67830.53,75613.80199999998,-0.0442901487477927,0.07587093821352689,-0.0998674195823031,-0.19252215356132976,28574.846305714284,0.9257247259102795,60884.62,0
2026-06-05,61056.47,61530.05,59500.0,60884.62,19795.58877,65973.42142857143,74976.42266666665,-0.0028146075264423006,0.033248728595020365,-0.07713411428996453,-0.18794978695258083,30329.15768857143,-0.34730832378311216,63332.01,1
2026-06-06,60884.62,64234.68,60746.0,63332.01,26612.10443,64495.93857142857,74414.384,0.040197179517585876,0.05729985667973291,-0.018046540560682386,-0.14892784706784648,33132.82159714286,-0.1968053685987661,63085.99,0
2026-06-07,63332.01,64200.0,62408.0,63085.99,23053.38624,63306.95142857143,73827.97033333333,-0.0038846074836406436,0.02829532806553905,-0.003490318576163673,-0.14550014425201296,33008.86365428571,-0.3016001253043178,61730.0,0
2026-06-08,63086.0,63526.01,60780.0,61730.0,21636.21959,62588.26142857142,73145.30133333334,-0.02149446786925784,0.04352804108677047,-0.013712817850850668,-0.15606335779946023,31405.724187142856,-0.3110740111875013,61510.99,0
2026-06-09,61730.0,62857.99,60755.0,61510.99,15998.71652,62212.29571428571,72470.81266666666,-0.003547869755386393,0.034067552243641636,-0.011272783076620567,-0.1512308509230737,29385.78276142857,-0.4555626899617687,63625.99,1
2026-06-10,61510.99,63933.02,61510.99,63625.99,17380.94642,62175.15285714286,71908.19666666667,0.03438409949181439,0.039375565244519704,0.02333467753896265,-0.11517750479905892,25643.464291428572,-0.32220755267416623,63580.01,0
2026-06-11,63626.0,64394.44,62829.81,63580.01,16397.0524,62535.658571428576,71383.74333333333,-0.0007228177160280068,0.02459104768490876,0.0167000948327515,-0.10932087571946232,20124.859195714285,-0.1852339317985462,64458.01,1
2026-06-12,63580.0,64762.77,63418.66,64458.01,9960.74163,63046.142857142855,70829.344,0.013809531299150708,0.021140452972632798,0.022394187477199307,-0.08995331087635085,18719.881032857145,-0.46790571945853177,65746.45,1
2026-06-13,64458.01,65800.0,63678.83,65746.45,13203.03375,63391.06285714286,70383.78533333333,0.019988826834709837,0.03290777980890192,0.037156454501562804,-0.06588641561932479,16804.299507142856,-0.21430621107485598,66328.74,1
2026-06-14,65746.45,67292.15,65354.0,66328.74,18559.80102,63854.312857142846,69989.80833333333,0.008856599862045908,0.029479158190290036,0.03875113570469447,-0.052308592072393335,16162.358761428573,0.14833492400211504,65675.01,0
2026-06-15,66328.74,66992.0,65360.92,65675.01,14302.05801,64417.88571428571,69597.053,-0.00985590861517964,0.024590848552226405,0.019515143531565776,-0.05635357864937191,15114.621392857141,-0.05376008844264809,64509.4,0
2026-06-16,65675.02,66445.93,63915.77,64509.4,19048.65409,64846.229999999996,69180.63733333333,-0.01774830064764354,0.03852545457922961,-0.0051942880873721495,-0.06752232291278107,15550.326759999998,0.22496809128144662,63115.99,0
